english,russian,sentence
"to hire (bike, car)",взять напрокат,
full course lunch,полный обед,
full course dinner,полный ужин,
When does it start?,когда начинается?,
How much does it cost (singular),сколько стоит?,
How much does it cost (plural),сколько стоят?,
I am organising,я организую,
I agree,я согласен,
Suits me,меня это устраивает,
I would like,я хотел бы,
I need,мне надо,
At what time?,во сколько?,
Is it possible for me to book?,мне можно заказать,
I have a question,У меня есть вопрос,
included in cost of ticket,включена в стоимость билета,
3 times a week,три раза в неделю,
5 times a week,пять раз в неделю,
Next week,на следующей неделе,
Last Week,на прошлой неделе,
Next year,в следующем году,
Last year,в прошлом году,
Is food included with the ticket?,еда включена билет?,
Great!,здОрово!,
On what date?,какого числа?,
I don’t mind,мне всё равно,
it doesn’t matter,не важно,
Thank you very much,Большое спасибо,
Excuse me,Простите,
I’m glad to see you,Рад тебя видеть,
What's the exchange rate?,Какой курс валюты?,
I need a single room,Мне нужен номер на одного,
"Give me the menu, please",Дайте пожалуйста меню,
"Please, give me ...","Дайте мне, пожалуйста...",
Show me ...,Покажите мне...,
I am taking it,Я беру это,
This is not my size,Это не мой размер,
larger size,размер больше?,
smaller size,размер меньше?,
Where's the cashdesk?,Где касса?,
I have a headache,У меня болит голова,
I have a high temperature,У меня высокая температура,
I have a tooth-ache,У меня болит зуб,
I want to return this,Я хочу́ э́то верну́ть,
Do you have any rooms available?,У вас есть свобо́дные номера́?,
I have a problem with my room,У меня́ пробле́ма с но́мером,
Can I pay with credit card?,Мо́жно заплати́ть креди́тной ка́ртой?,
there and back,туда и обратно,
time for me to leave,мне пора,
books about history,книги об истории,
I am fascinated by history,я увлекаюсь исторей,
I am interested in politics,я интересуюсь политикой,
I like other cultures,мне нравится другая культура,
I am involved in sport,я занемаюсь спортом,
I love to run,я люблю бегать,
"At the moment, I am reading a book about the history of Ukraine",сейчас я читаю книгу об истории Украины,
I like to get out of the city,мне нравится ходить за город,
I love to be in nature,я люблю был в природе,
At the weekend,В выходные,
I studied International Relations,Я изучал международные отношения,
What is the price?,какова цена,
I am never ill,Я никогда не болею,
I have a sore throat,у меня болит горло,
I caught a cold,Я простудился,
Ok / fine,Ладно,
Unfortunately,К сожалению,
What a shame,Как жал,
I don’t understand,Я не понимаю,
Do you accept credit cards?,Вы принимаете кредитные карты?,
How much do I owe you?,Сколько с меня?,
Can I try it on?,Можно это примерить?,
Thank you for your help,Спасибо за помощь,
I can speak a little Russian,Я могу говорить немного по-русски,
Announcement / declaration,Объявление,
Famous,Знаменитый,
Three-roomed,Трёхкомнатная,
Experienced,Опытный,
Decision,Решение,
Play,Пьеса,
Show,Спектакль,
Included,"Включён
Включена 
Включено",
Before / in front of,Перед (+ inst),
Kitchen,Кухня,
Skiing,Кататься на лыжах,
Long,Длинный,
Short,Короткий,
Quickly,Быстро,
Slowly,Медленно,
To finish (imp),Кончатся,
To start,Начинатся,
To receive (per),Получить,
To receive (imp),Получать,
Excursion,Экскурсия,
Art,Искусство,
,Платье,
Cheaper,Дешевле,
More expensive,Дороже,
Cheap,Дешёвый,
Expensive,Дорогой,
Proposal,Предложение,
Head,Голова,
To rent (per),Снять,
To rent (imp),Снимать,
Pipe,Труба,
Throat,Горло,
Owner,ХозяИн,
International Relations,Международные отношения,
Party,ВечерИнка,
Complex,Сложный,
Strong-willed,Сильный,
Weak-willed,Слабый,
Hard-working,Трудолюбивый,
Lazy,Ленивый,
Calm,Спокойный,
Nervous,Нервный,
Repairs,Ремонт,
Two-roomed,Двухкомнатная,
To try (imp),Пробовать,
To try (per),Попробовать,
Yoga,Йога,
Rugby,Регби,
Politics,Политика,
Monument,Памятник,
To fix (imp),Чинить,
To fix (per),Починить,
To lose (imp),Терять,
To lose (per),Потерять,
This year,В этом году,
Traditional,Традиционный,
Song,Песня,
Mistake,Ошибка,
Pepper,Перец,
Restaurant carriage,Вагон-ресторан,
Night train,Ночной поезд,
Price,Цена,
Modest,Скромный,
Life,Жизнь (f),
Career,Карьера,
Member of Cabinet,Член Кабинета,
Political Department,Политически Отдел,
To meet (per),Встретить,
Especially,Особенно,
Flight,Рейс,
,Европа,
To meet (imp),Встречать,
To answer (imp),Отвечать,
Timetable,Расписание,
To decide (per),Решить,
To decide (imp),Решать,
,Куртка,
Rate,Курс,
Native country,Родина,
,Церковь (f),
In free time,В свободное время,
Accountant,Бухгалтер,
,Спальня,
Embassy,Посольство,
Currency exchange,Обмен валюты,
,Брюки,
,Рубашка,
To wait (imp),Ждать,
,Дорога,
To wait (per),Подождать,
To take (per),Взять,
To take (imp),Брать,
At last / finally,Наконец,
Better,Лучше,
Department,Отдел,
Worse,Хуже,
Project,Проект,
By the way,Кстати,
,Юбка,
Go shopping,Ходить за покупками,
Immediately,Сразу,
To drink (imp),Пить,
Picture,Картина,
To answer (per),Ответить,
A bit later,Попозже,
To stop / stay (per),Остановиться,
To stop / stay (imp),Останавливаться,
Too,Слишком,
To visit (per),Посетить,
To visit (imp),Посещать,
One more time,Ещё раз,
Route,Маршрут,
Journey,Путешествие,
Smaller,Меньше,
Bigger / more,Больше,
Overcoat,Пальто,
Female passer-by,Прохожая,
Tourist site,Достопримечательность (f),
Health,Здоровье,
Clothing,Одежда,
Some,Некоторый,
Warm,Тёплый,
Local,Местный,
Difficult,Трудный,
Fresh,Свежий,
Other,Другой,
Well known,Известный,
Ancient,Древний,
Important,Важный,
Tall,Высокий,
Awful,Ужасный,
Tasty,Вкусный,
Boring,Скучный,
Healthy,Здоровый,
Serious,Серьёзный,
Free,Свободный,
Foreign,Иностранный,
Comfortable,Удобный,
Historical,Исторический,
In other countries,В других странах,
Favourite,Любимый,
After the lesson,После урока,
Before the lesson,Перед уроком,
First,Сначала,
Almost,Почти,
Wind,Ветер,
It is windy,Ветрено,
It’s good weather today,Хорошая погода сегодня,
It’s bad weather today,Плохая погода сегодня,
Weather forecast,Прогноз погоды,
It’s clear sky,Ясно,
It’s overcast,Пасмурно,
I am tired,Я устал(а),
Today is sunny,Сегодня солнечно,
,Морковь,
,Фасоль,
Grilled peppers,Жареный перец,
,Чеснок,
,Капуста,
,Кресло,
,Книжный шкаф,
,Парта,
,Курица,
I think that I have lost my bag,"я думаю, что я потерял свою сумку",
When does the show start?,Когда начинается спектакль?,
What is included in the price?,Что включена в цену?,
Have you come to a decision?,Вы пришли к решению?,
It seems to me,Мне кажется,
In my opinion,По-моему,
Before work,Перед работой,
When does the play finish?,Когда кончается пьеса?,
I work at the FCO,Я работаю в министерстве иностранных дел,
"Before, I was in the army",Раньше я служил в армии,
I do yoga but only once a week,Я занимаюсь йогой но только раз в неделю,
I must,Я должен,
She must,Она должна,
He must come to a decision,Он должен прийти к решению,
I will work in the political department in the embassy,Я буду работать в политическом отделе в посольстве,
Stupid,Глупый,
More clever,Умнее,
Clever,Умный,
Article,Статья,
Science,Наука,
Genre,Жанр,
Christmas,Рождество,
Jeans,Джинсы,
,Свитер,
,Наличные,
Loud,Громкий,
Quiet,Тихий,
Office worker,Работник,
,Чашка,
Neighbourhood,Местность,
North,Север,
South,Юге,
West,Запад,
East,Восток,
I’m very glad to see you,Я очень рад вас видет,
,Визитка,
Business trip,Командировка,
Meeting,Встреча,
,Паром,
,Водитель,
Stop (bus stop),Остановка,
In the mountains,В горАх,
On holiday,На каникулы,
A long time ago,Давно,
Recently,Недавно,
Lake,Озеро,
Island,Остров,
Afghanistan,Афганистан,
News,Новости,
War,Война,
,Бассейн,
,Пиво,
First course,Первое блюдо,
Second course,Второе блюдо,
Dessert,Сладкое,
Soviet,Советский,
Porridge,Каша,
,Масло,
Drinks,Напитки,
,Фрукты,
,Лосось (m),
Tuna,Тунец,
Onion,Лук,
Peas,Горох,
Noodles,Лапша,
Sausage,Колваса,
,Котлета,
What time is it?,Сколько сейчас времени?,
Sweden,Швеция,
Estonia,Эстония,
Scotland,Шотландия,
Spain,Испания,
What plans do you have?,Какие у вас планы?,
In my free time,В мое свободное время,
Near the station,Около вокзала,
Near the school,Около школы,
I’m from Britain,Я из Британии,
I arrived from London,Я приехал от Лондона,
Under the table,Под столом,
Under the window,Под окном,
Between the chemist and the factory,Между аптекой и фабрикой,
Behind the terminal,За терминалом,
Along the street,По улице,
I have a stomach ache,У меня болит живот,
Choice,Выбор,
After work,После работы,
Who are you meeting?,с кем вы встречаетесь?,
In the village,В деревне,
Do you want me to help you?,"Вы хотите, чтобы я помог вам?",
Do you want me to wait for you?,"Вы хотите, чтобы я подождал вас?",
Do you want me to buy you a ticket to the theatre?,"Вы хотите, чтобы я купил вам билет в театре?",
Did you like it?,Вам понравилось?,
I made a mistake,Я сделал ошибку,
Border,Граница,
To border,Граничить,
Mountainous,Горный,
Steppe,Степь,
In eastern europe,В восточной Европе,
In the Caucuses,На кавказе,
Continent,Континент,
Rural area,Сельская местность,
Industrial,Промышленный,
Oil,Нефть,
Varied / diverse,Разнообразный,
,Лес,
Earnings,Заработок,
Group / team,Коллектив,
Climate,Климат,
Severe,СурОвый,
Central Asia,Центральная Азия,
Central Asian countries,Центрально-азиатские страны,
Oil industry,Нефтяная промышленность,
Belarus,Беларусь,
In soviet times,В советское время,
Partly,Частично,
To consider (imp),Считать,
State,Государство,
Eastern Ukraine,Восточная Украинa,
Can I pay with cash?,Можно заплатить наличными?,
To occupy (imp),Занимать,
State language,государственный язык,
Population,Население,
To reside,Проживать,
Structure,УстрОйство,
Currently,В настоящее время,
Make a contribution,Вносит / Внести вклад,
Unique,Уникальный,
In the mid nineties,В середИне девяностых годов,
Quick (adj),Быстрый,
Dirty,Грязный,
Brilliant,Класс,
Clean,Чистый,
Close,Близкий,
Angry,СердИтый,
For a long time,Долго,
Late,Поздно,
Rarely,Редко,
Early,Рано,
Suddenly,Вдруг,
Quite,Довольно,
How much do the tickets cost?,Сколько стоят билеты?,
Which is better?,А какой ряд лучше?,
Classical,Классический,
Place,Место,
Region,Район,
Please be quick,Вы не могли бы побыстрее,
To wash (imp),Мыть,
To wash (per),Помыть,
,Волосы,
Haircut,"Стрижка волос
(СтриШка волос)",
I need a haircut,Мне нужна стрижка волос,
A little shorter,Немного короче,
I haven’t been to Russia,я не был в россии,
To consist of,СостоЯть (из),
Government,Правительство,
Citizen,Граждан(ка),
At the beginning of the nineties,В начале девяностых годов,
,Уголь (м),
Iron,Железо,
Donbass,Донбасс,
Everything is well,Всё в порядке,
Can I come in?,Можно войти?,
What is your surname?,Как ваша фамилия?,
What is your patronymic?,Как ваше отчество?,
Very nice to meet you,Очень приятно,
Let’s get acquainted,Давайте познакомимся!,
Let me introduce you,"Познакомьтесь, пожалуйста",
What is your native city?,Какой ваш роднОй гОрод?,
I was born in London,Мой родной город Лондон,
I have little free time,У меня мало свободного времени,
Are you free tomorrow evening?,Вы свободны завтра вЕчером?,
When and where will we meet?,Где и когда мы встретимся?,
What do you like to do in your free time?,Что вы любите делать в свободное время?,
For example,Например,
Today I am very busy,Сегодня я очень занят,
How old are you?,Сколько вам лет?,
How old is he?,Сколько ему лет?,
What message would you like to leave him? (On the phone),Что ему передать?,
She left,Она ушла,
Where can I buy...,Где можно купить...,
Thank you for the advice,Спасибо за совет,
What size do you want?,Какой размер вы ходите?,
What hurts?,Что у вас болит?,
I have flu,У меня грипп,
I have tonsillitis,У меня ангина,
I have a cough,У меня кашель,
I feel fine,Я чувствую себя хорошо,
I don’t feel very well,Я чувствую себя не очень хорошо,
I feel bad,Мне плохо,
What are you interested in?,Чем вы интересуетесь?,
What are your hobbies?,Какое у вас хобби?,
Delivery,ДостАвка,
Local food,Местная еда,
I will try,я попробую,
Male teacher,Учитель,
Female teacher,Учительница,
In western europe,В западной Европе,
,Ла-Манш,
In the south east,На юго-востоке,
Personal,Личный,
To chose (imp),Выбирать,
To develop,Развиваться,
The majority,Большинство (+gen),
One of the most important countries in the world,Одна из самых важных стран в мире,
Wonderful,Замечательный,
Majority of people,большинство людей,
Majority of the population,большинствО населения,
She always goes to work on foot,Она всегда ходит на работу пешком,
Today she is going to work on foot,Сегодня она идёт на работу пешком,
I went to the hospital,Я ходил в больницу,
We went to the show,Мы ходили на спектакль,
Where are you going after work?,Куда вы пойдёте после работы?,
I will go tomorrow,Я пойду завтра,
I was going to the shop when...,Я шёл в магазин когда...,
She has gone home,Она пошла домой,
He often goes to work (by vehicle),Он часто ездит на работу,
I will go (by transport) to my mum tomorrow,Я поеду к маме завтра,
I will arrive (walking),Я прийду,
He will arrive (by vehicle),Он приедет,
She normally arrives walking,Она обычно приходит пешком,
They are going to an exhibition,Они идут на выставку,
We are going to the market (currently),Мы идём на рынок,
We went to the lecture yesterday,Мы ходили на лекцию вчера,
They are going to a meeting (currently),Они идут на встречу,
I am going (currently),Я иду,
I go (regularly) (on foot),Я хожу,
I go (regularly) (in a vehicle),Я езжу,
I went to Kharkiv,Я ехал в Харьков,
Decline / fall,Падение,
Medicine,Лекарство,
Prescription (from doctor),Рецепт,
How do you feel?,Как вы чувствуете себя?,
Syria,Сирия,
With my friend,С моим другом,
Too late,Слишком поздно,
,Конверт,
,Марка,
I have three brothers,У меня есть три брата,
In this room,В этой комнате,
Friends,Друзья,
A lot of friends,Много друзей,
Two months,Два месяца,
Six months,Шесть месяцев,
To discuss (per),Обсудить,
To discuss (imp),Обсуждать,
Discussion,Обсуждение,
London is the capital of Britain,Лондон является столицей Британии,
Please give me the bill for room 21,Дайте пожалуйста счёт за 21 номер,
"Tell me please, where is the taxi rank?","Скажите пожалуйста, где стоянка такси?",
I want to take a taxi,Я хочу взять такси,
I want to call a taxi,Я хочу вызвать такси,
I would like to send a package,Я хотел бы  послать посылку,
I want to send a letter,Я хотел бы послать письмо,
I want to send a postcard,Я хотел бы послать открытку,
I need a room with a sea view,Мне нужен номер с видом на море,
I need a room facing the courtyard,Мне нужен номер с видом на двор,
Does the room have a balcony?,В номере есть балкон?,
Is breakfast included in the room price?,Завтрак входит в стоимость номера?,
We will stay in a hotel,Мы остановимся в гостинице,
I need stamps,Мне нужны марки,
How much does postage cost?,Сколько стоит пересылка?,
Sun,Солнце,
From time to time,Время от времени,
Almost always,Почти всегда,
Not very often,Не очень часто,
Sometimes,Иногда,
Pretty often,Довольно часто,
To become (imp),Становиться (чем?),
To become (per),Стать (чем?),
Cloud,Облако,
Hot (adj),Жаркий,
Cold (adj),Холодный,
In England it is often raining,В Англии часто бывают дожди,
In England we rarely have very hot weather,В Англии редко бывает жаркая погода,
Go! (On foot),Идите!,
Go! (By vehicle),Поезжайте!,
Read please!,Читайте пожалуйста!,
Writer,Писатель (m),
In childhood I wanted to become a soldier,в детстве я хотел стать солдатом,
No problem,Ничего страшного,
I had to...,Мне пришлось,
Possibly,Возможно,
I brought a well known book,Я купил известную книгу,
Many well known people,Много известных людей,
Power,Власт,
In cities,В гOродах,
China,Китай,
Overcast (adj),Пасмурный,
Cloudy (adj),Облачный,
Textbook,Учебник,
Land,Земля,
Everything will be ok,Всё будет в порядке,
About international relations,о международных отношениях,
,Галстук,
Worst of all,Хуже всего,
Best of all,Лучше всего,
I read an article,я прочитал статью,
To deliver,Доставить,
To invite,Пригласить,
Let’s meet,Давай встретимся,
Are you free on Saturday evening?,Вы свободны в субботу вечером?,
I am calling to invite you to the theatre,Я звоню вам чтобы пригласить вас в театр,
What show are we going to?,На какой спектакль мы пойдём?,
I will wait for you.....,Буду ждать вас.......,
See you on friday,Увидимся в пятницу,
I must fly to London,Я должен полететь в лондон,
She is ill,Она болеет,
Still,Всё ещё,
The most important thing,Самое главное,
Fare,Стоимость (f) проезда,
I want to study russian language,Я хочу изучать русский язык,
"Tell me please, how many students in each lesson?",Скажите пожалуйста сколько студентов на уроке,
Do you have a library with computers?,У вас есть библиотека с комрютерами,
Tell me please do the computers have internet?,Скажите пожалуйста у комрютеры есть интернет,
Tell me please do you organise excursions with other students?,Скажите пожалуйста вы организуете экурсии с другими студентами,
I have to work in the afternoons,Мне надо работать днём,
I love walking holidays,Я очень люблю пеший туризм,
I like to visit tourist sites,Мне нравится посещать достопримечательности,
When I am on holiday I like to try new foods,Когда я в отпуске мне нравится пробовать новую еду,
My favourite cuisine is Chinese cuisine.  I like noodles.,Моя любимая кухня китайская кухня.  Мне нравится лапша,
In my free time I very much love to run,В моё свободное время я очень люблю бегать,
I am interested in history and politics.,Я интересуюсь историей и политикой.,
I am fascinated by other countries and therefore I love to travel.,Я увлекаюсь другими странами и поэтому я люблю путешествовать,
When I travel in another country,когда я путешествую в другой стране,
I usually go to the gym two or three times a week,я обычно хожу в спортзал два или три раза в неделю,
I like to read novels and history books,Мне нравится читать романы и книги об истории,
I started to work at the FCO four years ago,Я начал работать в МИД четыре года назад,
Migration,Миграция,
Work permit,Разрешение на работу,
Economic migrant,Экономический мигрант,
Many economic migrants,Много ЭкономИческих мигрантов,
Refugees,Беженцы,
Refugee,Беженец,
Refugees often flee from war and conflict,Беженцы часто убегают от войн и конфликтов,
Refugees want to claim asylum,Беженцы хотят просить убЕжища,
Political asylum,Политического убежища,
To move to (imp),Переезжать,
To improve (per),Улучшить,
In order to improve their own financial situation,Чтобы свою улучшить финАнсовую ситуацию,
To improve (imp),Улучшать,
From other countries,Из других стран,
Education,ОбразовАние,
About migration,О миграции,
The government is developing,правительство развивает,
East European country,Восточно европейская страна,
In the European Union,В европейском союзе,
Domestic,Внутренний,
Building / construction,Строительство,
Annual,ЕжегОдный,
Unfamiliar,Назнакомый,
,Утечка мозгов,
Society,Общество,
‘Near abroad’,Ближнее зарубежье,
Dangerous,ОпАсный,
In the mid twentieth century,в середИне двадцатого века,
This week,На этой неделе,
On the 24th September,В двадцать четвёртого сентября,
In 1983,В тысяча девятьсот восемьдесят третьем году,
In 1991,В тысяча девятьсот девяносто пером году,
Public opinion,общественное мнение,
In rural areas,В сельской местности,
In the service sector,В сфере услуг,
To change (imp),Менять,
To depend on (imp),Зависеть (+ от),
Many Russians,Много россиян,
He wants,Он хочет,
To want (imp),Хотеть,
In the former Soviet Union,в бывшем советском союзе,
Increase / rise,Повышение,
Event,Событие,
Kiev is smaller than London,Киев меньше чем Лондон,
Refugee problem,Беженство,
Noticeable,Заметный,
To increase (imp),Увеличиваться,
To increase (per),Увеличиться,
In eastern Ukraine,В восточной Украине,
Ukrainians,Украинцы,
People have a positive mindset,Люди обладают позитивным мышлением,
The majority of immigrants move for financial reasons,Большинство иммигрантов переезжают по финансовым соображениям,
They want,Они хотят,
Manual worker,Рабочий,
Economy,Экономика,
Caused by war in eastern Ukraine,Вызывает войну в восточной Украины,
"Ukrainians continue to move west, especially to Poland",Украинцы продолжают переезжать запад особенно в Польшу,
Refugee problems in Europe are increasing,Беженство увеличивается в Европе,
In London many immigrants work in the service sector,В Лондоне много иммигрантов работает в сфере услуг,
To collapse (imp),Распадаться,
To collapse (per),Распасться,
They moved to Poland,Они переезжали в Польшу,
Break up of the Soviet Union,распад советского союза,
Soviet Union,Советский Союз,
I will help you,Я помогу вам,
I can help you,Я могу помочь вам,
To occupy (per),Занять,
He occupied first place,Он занял первое место,
To look after yourself / to keep fit,Следить за собой,
Success in sport,Успех в спорте,
Professional sport,профессиональный спорт,
,Болельщик,
Participation,Участие,
To remain (imp),Оставаться,
To remain (per),Остаться,
Trend,Направление,
Too few rules,Слишком мало правил,
To cause (per),Вызвать,
To own (imp),Владеть (+ins),
To believe (perf),Поверить +dat,
To send (perf),Послать +dat,
To offer/ propose/suggest (imp),Предлагать +dat,
To offer/ propose/suggest (perf),"Предложить (что, кому?)",
In the Olympic Games,В олимпийских играх,
Administration / management,Управление,
Award,Награда,
To participate (imp),Участвовать,
Sports news,Новости спорта,
I believe you,Я верю вам,
Don’t believe him!,Не верьте ему!,
I sent them the documents,Я послал им документы,
To promise (imp),Обешать +dat,
To possess (imp),Обладать (+ins),
To explain (imp),Объяснять (что? Кому?),
To explain (perf),Объяснить +dat,
To help (imp),Помогать +dat,
To help (perf),Помочь +dat,
I prefer,Я предпочитаю,
,Пробки,
He is working on,Он работает над,
Take the metro,Садитесь на метро,
Take the bus,Садитесь на автобус,
In Britain there is an obesity problem,в Британии существует проблема ожирЕния,
Many children do not do sport,Много детей не занимаются спортом,
To lead a healthy life,Вести здоровый образ жизни,
In Britain most of the population lead a sedentary life,В британии большинство населения ведёт сидячий образ жизни,
This summer Russia will hold the World Cup,Этим летом Россия проводит чемпионат мира,
In 2012 the olympics was in London,В две тысячи двенадцатом году олимпийские игры были в Лондоне,
The Olympics cost nine billion pounds,Игры стоят девять миллиардов фунтов,
I will send you a note,Я  пошлю вам записку,
Note / report,Записка,
I think that you can help us,Я думаю что вы можете помочь нам,
I will explain the situation to you,Я объясню ситуацию вам,
Can you explain this please?,"Можно объяснить это, пожалуйста?",
You must explain this to me,Вы должны мне это объяснить,
Majority of Ukrainians believe that Russia must return Crimea to Ukraine,"Большинство украинцев верит, что Россия должна вернуть Крым Украине",
To build (imp),Строить,
To build (per),Построить,
The government is building,Правительство строит,
The state built,Государство построило,
Local authorities are building,Местные власти строят,
In the east of the city,На востоке города,
In the west of the city,На западе города,
From all over the world,Со всего мира,
Match,Матч,
Matches (sport),Матчи,
Football World Cup,Чемпионат мира по футболу,
You can,Вы можете,
We can,Мы можем,
They can,Они могут,
Former Soviet Union,Бывший Советский Союз,
A lot of Ukrainians,Много украинцев,
Former,Бывший,
Doubt,СомнЕние,
According to public opinion,по общественному мнению,
Independence,Независимость (f),
Moscow is larger than Kiev,Москва больше чем киев,
Illegal (immigrant),Нелегал,
Non-resident (adj),Приезжий,
On saturdays,По субботам,
In what year?,В каком году?,
Poland,Польша,
,Дворник,
Prize,Приз,
Participant,Участник,
Races,Гонки,
Poll,ОпрОс,
Italy,Италия,
Germany,Германия,
India,Индия,
Mayor,Мэр,
I am continuing,Я продолжаю,
People consider that,"Люди считают, что",
For coal reserves,По запасам угля,
Federal Republic,Федеративная республика,
European Union,Европейский Союз,
Gas and oil industry,Газовая и нефтяная промышленность,
I sympathise with refugees,Я сочувствую беженцам,
Daily,ЕжеднЕвный,
Spare ticket,Лишний билет,
I have some questions,У меня есть вопросы,
We can help you,Мы можем помочь вам,
European championship,Чемпионат европы,
Team,Команда,
Around the world,По всему миру,
After the second world war,После второй мировой войны,
I would like you to help me,Я хотел бы чтобы мне помогли,
I will explain everything to you,Я объясню все вам,
I suggest we meet on thursdays,Я предлагаю вам что мы встретимся по четвергам,
Famous WITH,Известный чем + istr,
We know each other,Мы знаем друг друга,
My native country is Britain,Моя родная страна Британия,
To exist,Существовать,
Tax,Налог,
I decided that,"Я решил, что",
Really! / is it really?!,Да Вы что!,
Plot of the film,Сюжет фильма,
Film released on screen,Фильм вышел на экраны,
Contest,Конкурс,
Behaviour,Поведение,
Football,Футбол,
I do not believe you,Я не верю вам,
Head of state,Глава государства,
Interpreter,Переводчик,
Many guests,Много гостей,
,Железная дорога,
On the other hand,С дрогой стороны,
In order to live in a different country,Чтобы жить в другой стране,
Process,Процесс,
Four days,Четыре дня,
In England we rarely have snow,В Англии редко бывает снег,
Beauracracy,Бюрократии,
I want to return these clothes,Я хочу вернуть эту одежду,
Director,Режиссёр,
France,Франция,
Local authorities,Местные власти,
In 2003,В две тысячи третом году,
In 2017,В две тысячи семнадцатом году,
To sympathise (imp),Сочувствовать,
Referendum,Референдум,
We need to discuss,Нам надо обсуждать,
To continue (imp),Продолжать,
To continue (per),Продолжить,
You’re probably right,Наверняка вы правы,
I don’t think that,"Я не думаю, что",
I consider that,"Я считаю, что",
It is not sensible,Это не разумно,
"I have this opinion, that","У меня такое мнение, что",
In my opinion young generation prefer cinema to theatre,По-моему молодое поколение предпочитает кино театру,
Theatre is more popular with the older generation,Театр более популярный старшему поколению,
Many tourists go to the theatre when in London,Много туристов ходит в театр когда в Лондоне,
"There are many well known shows, but it is usually very expensive",Есть много известных спектаклей но обычно очень дорогих,
I prefer to go to the cinema to the theatre,Я предпочитаю кино театру,
I am glad to help you,Я рад вам помочь,
He possess excellent English,Он владеет отличным английским языком,
He controls his feelings,Он может владеть собой,
They possess good health,Они обладают хорошим здоровьем,
"In Russia, total power is held by Putin",В России пОлной властью обладает Путин,
I propose another meeting,Я предлагаю ешё одну встречу,
Public transport,Общественный транспорт,
No problems / without problems,Без проблем,
In Ukraine Independence Day is celebrated on the 24th August,В Украине День независимости празднуют двадцать четвёртого августа,
In Britain we give one another gifts at Christmas in December,В Британии мы дарим друг другу подарки на рождество в декабре,
As far as I know...,Насколько мне известно,
As far as I know...,Насколько я знаю,
The problem is that...,"Проблема в том, что",
The issue is that...,"Дело в том, что",
,Палата Общин,
Labour Party,Партия Лейбористов,
Grandchild (m),Внук,
Commonwealth of Independent States,Содружество независимых государств (СНГ),
Majority of the population reside in cities in the south east of England,Большинство населения проживает в городах на юго-востоке Англии,
I support,Я поддерживаю,
Conservative Party,Консервативная Партия,
Political party,Политическая партия,
Mindset,Мышление,
Committee,Комитет,
Pogrom,ПогрОм,
To sympathise (per),Посочувствовать,
World championship,Чемпионат мира,
Younger generation,Молодое поколение,
You possess a strong character,Вы обладаете сильным характером,
Russian federation,Российская федерация,
Republic,Республика,
County,Округ,
Presidential decree,Указ президента,
Presidential republic,Президентская республика,
Official representative,Официальный представитель,
Head of government,Председатель правительства,
Veto,Право вето,
Local administration,Местная администрация,
State department,Госдепартамент,
War department,Военное ведомство,
Legislative branch of power,Законодательная ветвь власти (парламент),
Executive branch of power,"Исполнительная ветвь власти (президент, правительство)",
Judicial branch of power,Судебная ветвь власти,
Constitutional court,Конституционный суд,
Supreme Court,Верховный суд,
State power,Государственная власть,
Universal suffrage,Всеобщее голосование,
Open voting,Открытое голосование,
Direct votе,Прямое голосование,
Secret ballot,Тайное голосование,
Parliament,Парламент,
,КоролЕва,
,Палата лордов,
Russian Upper House,Совет федерации,
Russian Lower House,Дума,
Declaration of Independence,Декларация независимости,
Declaration of War,Объявление войны,
In Russia president is the head of state,"В России, главой государства является президент",
The prime minister forms and heads up the cabinet,Премьер министр формирует и возглавляет кабинет,
Form of government,Форма правления,
The prime minister nominates members of his cabinet,Премьер-министр назначает кабинет министров,
In Britain we honour the memory about our veterans in November,В Британии мы чтим память о наших ветераны в ноябре,
Strengthening,Усиление,
To decrease (imp),Уменьшаться,
To decrease (per),Уменьшить,
Increase,Увеличение,
I need to apologise,Мне надо извиниться,
We were delayed,Мы задержались,
I was delayed,Я задержался,
We need to plan better,Нам надо лучше планировать,
We need to agree aims,Нам надо согласовать цели,
We need to agree proposals for joint working,Нам надо согласовать предложения для совместной работы,
I think we can work well together,"Я думаю, что мы можем хорошо работать вместе",
Everybody must be prepared before the meeting,Все должны готовы к встрече,
I gave,я дал,
Finland,Финляндия,
To elect,Избирать,
All the time,Всё время,
Who can explain this to me?,Кто может мне это объяснить?,
I would like to give you this small gift,Я хотел бы дарить вам этот маленький подарок,
Older generation,Старшее поколение,
Presidential administration,Администрация президента,
Ministry of defence,Министерство оборОны,
When would you like to meet?,Когда Вы хотели бы встретиться?,
We need to take a decision as soon as possible,Нам надо принять решение как можно скорее.,
I am happy to answer all your questions,Я с удовольствием отвечу на все Ваши вопросы,
Summer (adj),Летний,
Spring (adj),Весенний,
Young woman,Девушка,
Work visa,Рабочая виза,
To become stronger / To intensify (imp),Усиливаться,
To strengthen / To intensify (per),Усилиться,
South Africa,Южная Африка,
To rise (imp),Повышаться,
To rise (per),Повыситься,
What is the date today?,Какое сегодня число?,
To permit (per),Разрешить,
To permit (imp),Разрешать,
To win,Выиграть,
Ukraine borders with seven countries.,Украина граничит с семью станами,
In the newspaper it was reported that,"в газете сообщалось, что",
The newspapers reported that,"в газетах сообщалось, что",
"In the newspapers they write about that, that...","в газетах пишут о том, что",
The newspaper says that,"В газете говорится, что",
The newspaper has information about...,газета есть информация о...,
I write,Я пишу,
They write,Они пишут,
He writes,Он пишет,
They wrote,они написали,
I wrote,Я написал,
I watch,Я смотрю,
Website,Веб-сайт,
On the website,На вебсайте,
Newspaper circulation,тираж газеты,
About fashion,О моде,
About politics,О политике,
About economy and finances,Об экономике и финансах,
The newspaper printed,газета печатал,
In the article it said...,в статье говорится,
Fashion section,Раздел моды,
Politics section,Раздел политики,
People with higher education,Люди с высшим образованием,
The telegraph is considered a conservative newspaper,Телеграф считается консервативной газетой,
To publish (imp),Публиковать,
"Before, mass media was controlled by the state",Раньше СМИ контролировались государством,
Freedom of the press,Свобода прессы,
The internet helped people organise protests,интернет помогли людям организовать протесты,
Weekly,Еженедельный,
Monthly,Ежемесячный,
I read about the results of the election,Я читал о результатах выборов,
The guardian is considered a liberal newspaper,Гардиан считается либеральной газетой,
"People doubt in this, that","Люди сомневаются в том, что",
In childhood,в детстве,
I wanted an adventure,я хотел приключение,
We need to think about one another,Нам нада думать друг о друге,
They don’t live far from one another,Они живут не далеко друг от друга,
I met with my friends,я встретился с друзьями,
I met my brother,Я встретился с братом,
I am meeting my boss,Я встречаюсь с моим боссом,
I am meeting my sister,Я встречаюсь с моей сестрой,
You’re kidding! / That cannot be!,Да не может быть!,
The situation is improving,ситуация улучшается,
In russian,По русски,
In English,По английски,
In Ukrainian,По украински,
A lot of refugees,Много Беженцев,
Decrease,Уменьшение,
We will permit,мы разрешим,
They allow,они разрешают,
The state allows,государство разрешает,
He explained,он объяснил,
She explained,онa объяснилa,
I helped him,я ему помог,
They won,они выиграли,
They invited me,они меня пригласили,
"People doubt in this, that they are receiving objective and accurate information","Люди сомневаются в том, что они получают объективную и точную информацию",
Oligarchs control,олигархи контролируют,
We control,мы контролируем,
I want to express my own point of view...,Я хочу выразить свою точку зрения,
I would like to hear your opinion...,Я хотел бы услышать ваше мнение,
I would like to hear your point of view...,Я хотел бы услышать вашу точку зрения,
Independent press,независимая пресса,
Entertainment,Развлечение,
To entertain (imp),Развлекать,
Public Holiday,Общенародный праздник,
Ukrainian (adj),Украинский,
TV company,Телекомпания,
I will propose another meeting,Я предложу ешё одну встречу,
They proposed different dates,Они предлагали разные даты,
We spoke about your proposals,Мы говорили о ваших предложениях,
To be able to,Мочь,
They decided,Они решили,
He needs to decide,Ему надо решать,
We must decide,Мы должны решать,
I ate,я съел,
I’m listening to you,я слушаю вас,
I will continue to study Russian,я буду продолжать изучать русский язык,
He has...,у него есть,
She has...,у неё есть,
They have...,у них есть...,
About me,обо мне,
With me,со мной,
With you,С вами,
With them,С ними,
With him,С ним,
About him,О нём,
About her,О ней,
About them,О них,
They need,Им надо,
With my colleagues,с моими коллегами,
I will meet with my colleagues,я встречусь с моими коллегами,
About our meeting,о нашей встрече,
About my flat,о моей квартире,
About my brother,о моем брате,
About my friends,о моих друзьях,
To make up/fabricate (imp),Выдумывать,
To make up/fabricate (perf),Выдумать,
To make use of/enjoy/take advantage of (perf),Воспользоваться (+inst),
To apply/employ/use (imp),Применять (+acc),
To apply/employ/use (perf),Применить (+acc),
Writing,Написание,
To enjoy success,Пользоваться успехом,
In my opinion the government should apply sanctions,"По-моему, правительство должно применять санкции",
To make use of (imp),ПОльзоваться,
To use (imp),Использовать,
To terminate / stop (imp),Прекращать,
To terminate / stop (per),Прекратить,
To hinder (imp),Мешать,
To hinder (per),Помешать,
To conduct (imp),Проводить,
We need to arrive at a decision in order to take advantage of the opportunity,нам надо приходит к решению чтобы пользоваться возможностью,
I always use the internet to read the news,Я всегда пОльзуюсь интернетом чтобы читать новости,
He often uses an interpreter,Он часто пользуется переводчиком,
She took advantage of the opportunity,Она воспользовалась возможностью,
I will take advantage of the offer,я воспользуюсь предложением,
We stayed in a beautiful hotel,Мы остановились в прекрасной гостинице,
I will stay with a local family,Я остановлюсь с местной семьей,
We ceased meeting with one another,Мы перестали встречаться друг с другом,
He stopped the meeting,он прекратил встречу,
I had to stop the negotiations,Мне пришлось прекратить переговоры,
They are preventing you from leaving?,Они мешают вам уехать?,
They prevent journalists from writing,Они мешают журналистам писать,
He walked past me on the street,Он прошёл мимо меня на улице,
Tomorrow morning he will drive past my flat,Завтра утром он проедет мимо моей квартиры,
We are remaining here?,мы оставшемся здесь?,
Reception (event),Приём,
External politics,Внешняя политика,
Friendly relations,Дружественные отношения,
To establish (imp),Устанавливать,
To establish (per),Установить,
To support,Поддерживать,
Trade,ТоргОвля,
Trade negotiations,Торговые переговоры,
To strengthen (imp),Укреплять,
To strengthen (per),Укрепить,
To sign (imp),Подписывать,
To sign agreements,Подписывать соглашения,
To cooperate (imp),Сотрудничать (с кем?),
In order to cooperate in the sphere of trade,Чтобы сотрудничать в сфере торговли,
Ally,Союзник,
To worsen (imp),Ухудшать,
Bilateral relations,Двусторонние отношения,
Arrival,Прибытие,
To arrive (imp),Прибывать (куда) (с чем),
To arrive (per),Прибыть (куда) (с чем),
Visit,Визит,
Intergovernmental,Межправительственный,
Official visit,Официальный визит,
On the agenda of the day,На повестке дня,
Delegation,Делегация,
At the invitation of the French government,По-приглашению правительства Франции,
At the invitation of the Polish government,По-приглашению правительства Польшы,
He conducted negotiations with the prime minister of Britain,Он провёл переговоры с пример-министром Британии,
Ukraine are establishing friendly  relationships with Western Countries,Украина устанавливает дружественные отношения с западными странами,
We want to strengthen relationships with our allies,Мы хотим укреплять отношения с нашими союзниками,
Britain is establishing independent trade relationships across the world,Британия устанавливает независимые торговые отношения по всему мира,
We want to strengthen our bilateral cooperation,Мы хотим укреплять наши двусторонние сотрудничество,
Yesterday trade and economic meetings were completed,Вчера завершались торговые и экономические встречи,
"Many TV channels are under the control of companies, which want to make money","Много телеканалов находится под контролем компании, которые хотят делать деньги",
Be under control,Находиться под контролем (кого),
You have influence over him?,Вы имеете влияние на него?,
Russia still has influence over the countries in the near abroad,Россия всё ещё имеет влияние на страны в ближнем зарубежье,
In Britain the press has a lot of influence over politicians,В британии пресса имеет много влияния на политиков,
To have influence,Иметь влияние (на что/кого?),
The Russian state manipulate events to their own interests,Государство России манипулирует событиями в своих интересах,
To manipulate (imp),Манипулировать (чем?) (кем?),
He is making up his information,он выдумывает свою информацию,
He made up everything that he said,он выдумал всё что он сказал,
They applied sanctions,они применили санкции,
The European Union will impose sanctions,Европейский союз применит санкции,
He held a meeting with his boss,он провел встречу со своим начальником,
When did it happen?,Когда это произошлО?,
Who was there?,Кто был здесь?,
No one knows,никто не знает,
How do you know this?,откуда вы это знаете?,
What happened?,Что произошло?,
What do you think?,Что вы думаете?,
You are asking about...,Вы спрашиваете о...,
With western countries,с западными странами,
Between Russian and Ukraine,между Россией и Украиной,
Between Russian and Britain,между Россией и британией,
Between generations,между поколениями,
Many differences,много различий,
He doesn’t have,у него нет,
They don’t have,У них нет,
For financial reasons,по финансовым соображениям,
It is a different situation,это другая ситуация,
The birth rate increased quickly,Рождаемость быстра увеличивалась,
The soviet authorities fabricated statistics,Советская власть выдумывала статистику,
we have an ageing population,у нас стареющее население,
Average life expectancy continues...,Средняя продолжительность жизни продолжает,
There are less people who can work,"Есть меньше люди, которые могут работать",
There are more people who need benefits,"есть больше люди, которые нужны льготы",
Population of the country is increasing,Население страны увеличивается,
Population of Ukraine is falling,Население Украины падает,
After the fall of the Soviet Union,После падения советского союза,
Birthrate remains very low,Рождаемость остаётся очень низкой,
"Death rate is high, especially among men","Смертность есть высока, особенно среди мужчин",
There exists problems with smoking and alcohol,Существует проблемы с курением и алкоголем,
Pensioners,пенсионеры,
Reception in honour of the head of the delegation,Приём в честь главы делегации,
Treaty,ДоговОр,
Agreement on trade,Соглашение о торговле,
Public figure,Общественный деятель,
Political figure,Политический деятель,
Prominent figure,Видный деятель,
He spoke in favour of developing cooperation,Он высказал за развитие сотрудничества,
He stands in favour of strengthening bilateral cooperation,Он выступает за укрепление двусторонних сотрудничества,
We stand in favour (of),"Мы выступаем за... (что, кто)",
We stand in opposition to / against...,Мы выступаем против... (чего? Кого?),
I am in favour of...,"Я выступаю за... (что, кто)",
I stand against / in opposition to...,Я выступаю против... (чего? Кого?),
Thank you for your time today,спасибо за ваше время сегодня,
When we last met...,когда мы в последний раз встречались ...,
I have been thinking about what you told me.,"я думал о том, что вы сказали мне",
I have been thinking about our last conversation,Я думал о нашем последнем разговоре,
I want to understand your point of view,я хочу понять вашу точку зрения,
Task,Задача,
Topics for discussion,Темы для обсуждения,
With Eastern Europe,с Восточной Европой,
The population continues to decrease,население продолжает уменьшаться,
Majority of pensioners,большинство пенсионеров,
There are many problems,есть много проблем,
There is a different political situation,существует другая политическая ситуация,
Compared to Britain,по сравнению с Британией,
Compared to London,по сравнению с Лондоном,
causes social and economic problems,вызывает социальные и экономические проблемы,
We need to build more houses,нам надо строить больше домы,
Life expectancy,Продолжительность жизни,
Mortality / death rate,Смертность,
,Рождаемость,
In many western countries,во многих западных странах,
Too few people can make a contribution to society,слишком мало людей могут внести вклад в общество,
Too many people are dependent on the state,Слишком много людей зависят от государства,
Age of retirement,возраст выхода на пенсию,
People possess a negative mindset towards Russia,люди обладают негативным мышлением к россии,
People possess a negative mindset towards immigration,люди обладают негативным мышлением к иммиграцию,
The key reason for this...,Главная причина этого...,
Compared with...,по сравнению с (чем?),
Compared with Western Countries,по сравнению с западными странами,
Compared with soviet times,по сравнению с советскими временами,
The government has taken a number of measures,правительство приняло ряд мер,
I haven’t decided yet,Я еще не решил.,
I hope...,Я надеюсь,
I hope so,"я надеюсь, что это так",
I enjoyed it,мне понравилось,
I am surprised,Я удивлён,
Have a nice evening,приятного вечера,
Middle class,Средний класс,
"In Russia,  rural residents often possess their own land plot",В России сельские жители часто владеют своими земельными участками,
Well-being / prosperity,Благосостояние,
British Middle Class,Британский средний класс,
Russian middle class,Российский средний класс,
Poor people,бедные люди,
Rich people,богатые люди,
Actually / in reality,на самом деле,
The key indicators...,"Главные признаки (чего, кого)",
The richest people become richer,Самые богатые люди становятся богаче,
Cost of living continuously rises,Стоимость жизни постоянно повышается,
In Britain there are some very poor areas,В Британии существует очень бедные районы,
In Ukraine the average salary is £200 a month,В Украине средняя зарплата составляет двести фунтов в месяц,
Cost of living,Стоимость жизни,
Average wage,Средняя зарплата,
To divide (per),Разделиться,
Divided society,разделенное общество,
Throughout history,По всей истории,
"It doesn’t mean, that they understand the reality","это не значит, что они понимают на самом деле",
I oppose ideas that increase division of society,"Я выступаю против идей, которые увеличивают разделение общества",
I am in favour of a better relationship,я выступаю за лучшее отношения,
"I am in favour of help to people, who have less opportunities in life","я выступаю за помощь людям, у которых меньше возможностей в жизни",
,Красная площадь,
State-employee,Бюджетник,
In post soviet countries,В постсоветских станах,
Society is divided into the very rich and the very poor,Общество делится на очень богатых и очень бедных.,
There is an educated class,Существует образованный класс,
In Britain the key indication of the middle class is education,В Британии главный признак среднего класса является образованием,
"People with high education can work in spheres, where they earn well.","Люди с высшем образованием могут работать в сферах, где они зарабатывают хорошо.",
"In the West, the middle class consists of doctors, lawyers, teachers, business owners, managers","На западе средний класс состоит из врачей, юристов, учителей, владельцев бизнеса, менеджеров",
These people usually earn more than the average wage in Britain,Эти люди обычно зарабатывают больше чем средняя зарплата в Британии,
In Ukraine exists a very different situation,В Украине существует очень другая ситуация,
Situation in many post soviet countries is the same,ситуация во многих постсоветских странах такая же,
"Professional work, which often needs higher education, does not pay well","Профессиональная работа, которая часто нужно высшее образование, не платят хорошо",
"In Ukraine, the average wage is made up of 200 pounds a month.","В Украине, средняя зарплата составляет двести фунтов в месяц",
Recently there have been reforms in the economy,Недавно были реформы в экономике,
"In Britain, with the majority of people is the opportunity to work",В Британии у большинства людей есть возможность работать,
"In Britain exists a lot of rich foreigners, often from Russia and the Middle East","В Британии существует много богатых иностранцев, часто из России и ближнего востока",
People can earn hundreds of thousands of pounds,Люди могут зарабатывать сотни тысяч фунтов.,
They own property and invest money in there future,Они владеют собственностью и вкладывают деньги на своё будущее,
Often they pay for private education,Часто они платят за частное образование,
They often invest money in London property,Они часто вкладывают деньги в лондонское имущество,
"The poorest people earn enough, in order to live.","Самые бедные люди зарабатывают достаточно, чтобы жить",
Students sit state exams,Студенты сдают государственные экзамены,
Children attend primary school up to 11 years old,Дети посещают начальную школу до 11-и лет,
Children attend secondary school up to 18 years old,Дети посещают среднюю школу до 18-и лет,
"In Britain, compulsory education begins at the age of 5 years",В Британии обязательное образование начинается в возрасте 5-и лет,
At the age of 16,В вОзрасте 16-и лет,
At the age of 18,В возрасте 18-и лет,
Many students continue to study academic subjects until 18 years old,Много студентов продолжает изучать академические предметы до 18 лет,
Other children study technical qualifications or vocational subjects,Другие дети изучают технические квалификации или профессиональные предметы,
Children have a choice,у детей выбор,
Universities use results of exams in order to decide whether to offer a place to a student,Университеты пользуются результатами экзамены чтобы решать предлагать ли студентам место,
Compulsory education,обязательное образование,
To forgive (per),Простить,
To chose (per),Выбрать,
To constitute (imp),Составлять,
To believe (imp),Верить +dat,
To be delayed (imp),Задерживаться,
Subject,Предмет,
Training,Обучение,
Have a good day,хорошего дня,
"They attend colleges, which offer technical training","Они посещают колледжи, которые предлагают техническое обучение",
"History, which I studied at university, is not a vocational subject","История, которую я изучал в университете, не является профессиональным предметом",
At university students study one subject for three years,В университете студенты изучают один предмЕт три года,
From the middle east,Из ближнего востока,
I am conducting / leading,Я провожУ...,
I spend a lot of time with him,я провожу с ним много времени,
I spent Sunday afternoon reading,Я провёл воскресенье днем,
I will spend the weekend...,я проведу выходные ...,
He conducted a briefing,он провёл брифинг,
I love to spend time with him,я люблю проводить время с ним,
I spent the evening with...,Я провёл вечер с...,
He spends his free time...,он проводит свое свободное время ...,
Last night I spent with friends,Вчера вечером я провёл с друзьями,
In order to conduct trade negotiations,чтобы проводить торговые переговоры,
I spent the weekend...,я провел выходные ...,
Today in Britain unemployment consists of less than 5%.,в британии безработица составляет меньше пяти процентов,
In Britain unemployment among youth is around 10%,в британии безработица среди молодёжи составляет около десяти процентов,
"In most countries of the European Union, unemployment consists of between 5-8 percent",В Большинстве стран европейского союза безработица составляет с пяти до восьми процентов,
"In the northeast of England, unemployment is about six percent",На северо-востоке Англии безработица составляет около шести процентов,
First Secretary of the Political Department,первый секретарь политического отдела,
In the British Embassy,в британском посольстве,
The unemployed can receive benefits from the labour exchange,безработные могут получать пособия от биржи труда,
Unemployment is highest in industrial regions,безработица самая высокая в промышленных районах,
Labour exchange,Биржа труда,
By the hour work,Почасовая работа,
Part time employment,Частичная занятость,
Inflation rises faster than wages,"инфляция повышается быстрее, чем заработная плата",
Everyone there speaks Russian.,все там говорят по-русски,
"He said, that we should meet next week","он сказал, что мы должны встретиться на следующей неделе",
He says that he has important issues to discuss.,"он сказал, что у него есть важные вопросы обсуждать",
They earn less and less,Они зарабатывают меньше и меньше,
In actual fact income continues to decline,На самом деле доход продолжает уменьшаться,
"It is easier to find work in the capital and big cities, particularly in south east England",Легче найти работу в столице и больших городах особенно на юго-востоке англии,
Unemployed can register at the job centre in order to receive benefits,Безработные могут зарегистрироваться на бирже труда чтобы получить лаготы,
Unemployment benefit,Пособие по безработице,
What skills do you have?,Какими навыками вы обладаете?,
Cv,Резюме,
Employer,РаботодАтель,
Full time employment,Полная занятость,
Experience of work,Опыт работы,
"While I was serving in the army, I went to Afghanistan twice","Пока я служил в армии, я ездил в Афганистан два раза",
"Whilst I was studying international relations, I submitted an application to work at the FCO","Пока я изучал международные отношения, я подал заявление на работу в МИДе",
"Before I studied Russian, I worked in the Syrian Departmenr","До того как я изучал русский язык, я работал в сирийским отделе",
"Before I arrived in Kiev, I studied Russian for ten months","До того как я приехал в Киев, я изучал русский язык десят месяцев",
"It is better, to establish friendly relationships with other countries","Лучше, чтобы устанавливались дружественные отношения с другими странами",
"It is important, that we understand each other","Важно, чтобы мы понимали друг друга",
"Most important, that you feel comfortable","Главное, чтобы вы чувствовали себя комфортно",
"He insisted, that you come to the meeting","Он настоял, чтобы вы пришли на встречу",
"I insist, that you come to dinner with us","Я настаиваю, чтобы вы пришли ужинать с нами",
Healthcare,Здравоохранение,
Treatment,Лечение,
State healthcare,государственное здравоохранение,
Universal free healthcare,универсальное бесплатное здравоохранение,
In Britain there is the principle of universal free healthcare,в Британии существует принцип всеобщего бесплатного здравоохранения.,
National Health Service,Национальная служба здравоохранения,
They are conducting / leading,Они провОдят,
The government conducted a referendum.,правительство провелО референдум,
They conducted an attack,они провели атаку,
He became a politician,он стал политиком,
He took up the point of view that...,"он стал на точку зрения, что",
His business became bankrupt,его бизнес стал банкротом,
To prescribe treatment,Назначить лечение,
To examine a patient,Осмотреть больнОго,
To write a prescription,Выписать рецепт,
The doctor examined the patient,врач осмотрел больнОго,
The doctor wrote him a prescription,Врач выписал ему рецепт,
Accident,Авария,
To use the services,Пользоваться услугами,
We need to improve healthcare,Нам надо улучшить здравоохранение,
There are not enough nurses and doctors,Не хватает медсестёр и врачей,
The cost of treatment in private clinics is very high,Стоимость лечения в частных клиниках очень высокая,
I believe medical services should remain accessible to all people,"Я считаю, что медицИнское обслуживание должно оставаться доступным для всех людей",
Conditions in some hospitals are not good.,условия в больницах часто не хороший,
Moldova,МолдОва,
Founded,Основана,
Nationality,Национальность,
Kharkiv,Харьков,
Englishman,Англичанин,
Englishwoman,Англичанка,
Magnificent,Великолепный,
The reason,Причина,
,Поражение,
Support,Поддержка,
Attempt,Попытка,
Winter (adj),Зимний,
,Плита,
Neighbours,Соседи,
Fat,Толстый,
Charming,Милый,
Sharply,Резко,
Labour (adj),Трудовой,
Customers,Покупатели,
Memory,Память,
Parliamentary faction,Парламентская фракция,
Leader of faction,Лидер фракции,
"If you pay taxes, then you can use services of the state healthcare.","Если вы платите налоги, то вы можете пользоваться услугами государственного здравоохранения",
"When you are ill, you normally visit a local doctor.","Когда вы больны, вы обычно посещаете местного врача",
You can be referred to a specialist.,Вам можно обратИться к специалисту.,
With the national health service simply is not enough money,У национальной службы здравоохранения просто недостАточно денег,
"But in comparison with Ukraine, the situation in Britain is a lot better","По сравнению с Украиной, ситуация в Британии намного лучше.",
"In reality, the system is corrupt and under financed.","На самом деле, система является коррумпированной и не финансируемой.",
Usually patients must pay doctors for treatment,"Обычно, пациенты должны платить врачам за лечение",
"Since 1991 government has tried to lead reforms, but without success","С 1991-ого года правительство пыталось провести в жизни реформы, но без успеха.",
Congratulations!,Поздравляю!,
"Apologies, I would like to clarify that I understood you correctly","Простите, я хочу уточнить, что я вас понимаю верно",
Could you please explain what you mean by saying...,"не могли бы вы объяснить что вы имеете в виду под этим, говоря это...",
Quality of healthcare is highest in developed countries.,Качество здравоохранения самое высокое в развитых странах,
I am sorry that you were not at the party on Saturday,"Мне жаль, что вы не были на вечеринке в субботу",
"I am sorry, that they don’t agree","Мне жаль, что они не согласились",
"He is sorry, that he cannot come here today","Ему жаль, что он не может прийти сюда сегодня",
She is sorry that she is not here today,"Ей жаль, что её не будет здесь сегодня",
As an expert,В качестве эксперта,
They are holding discussions,они проводят обсуждения,
She is conducting / leading,Она проводит...,
The government is implementing reforms,Правительство проводит в жизнь реформы,
The government is implementing reforms of the justice system,Правительство проводит в жизнь реформы судебной системы,
"I talked about the problems of the plan, with my boss","Я говорил о проблемах плана, с моим боссом",
She talked about you,она говорила о вас,
Don’t worry!,не волнуйтесь,
Are you worried about the meeting?,Вы волнуетесь о встрече?,
He doesn’t have enough money,ему не хватает денег,
I am at a loss for words.,Мне не хватает слов,
Someone is missing,кого-то не хватает,
Today I do not have enough time,Сегодня мне не хватает времени,
I didn’t have enough time,Мне не хватило времени.,
She does not have enough leave,ей не хватает отпуска,
They continue to conduct operations in the Donbas,они продолжают проводить операции в Донбассе,
They conducted an investigation of this,они провели расследование этого,
They spend a lot of time together,они проводят вместе много времени,
They conducted military operations,они проводили военные операции,
She became a government minister,она стала министром правительства,
They became good friends,они стали хорошими друзьями,
The situation is becoming interesting,ситуация становится интересной,
She is becoming weaker,она становится слабее,
Situation is becoming clearer,ситуация становится яснее,
To clarify (per),Уточнить,
How wonderful!,Как замечательно!,
How did you spend your weekend?,Как вы провели выходные?,
With my mother,с моей мамой,
Next year in Ukraine they will hold presidential elections,В следующем году в Украине пройдут президентские выборы,
Voters will elect a president for a five year term,избиратели будут избирать президента на пятилетний срок,
Presidential elections consist of two rounds.,Президентские выборы состоят из двух туров.,
Voter turnout consisted of...,Явка избирателей составила...,
"In Britain exists an independent electoral commission, in order to control elections and prevent from happening illegal actions","В Британии существует независимая избирательная комиссия, чтобы контролировать выборы и мешать происходить противозаконным действиям",
Candidate,Кандидат,
Voter,Избиратель,
Unlawful / illegal,Беззаконный,
Safe / secure (adj),Безопасный,
Citizens will go to the polls of the president on thirty first of march,Граждане пойдут на выборы президента тридцать первого марта,
Candidates must receive more than 50% of votes in order to be elected to the post,Кандидаты должны получить больше пятидесяти процентов голосов чтобы избираться на дОлжность,
Election campaign,Предвыборная кампания,
Turnout,Явка,
To re-elect,переизбрать,
"Government of Russia says, that the people of Crimea voted to become part of Russia.","правительство россии говорит, что народ Крыма голосовали стать частью России.",
"In every area, citizens elect one candidate.","В каждом округе, граждане избирают одного кандидата",
Members of the House of Lords are not elected.,Члени палаты лордов не избираются.,
They are appointed by the government for life.,Они назначаются правительством на всю жизнь.,
In Britain the system of elections differs to many countries,в британии система выборов отличается от многих стран.,
I watched a document film,я смотрел документальный фильм,
She is meeting with a friend,она встречается с другом,
This year Putin was re-elected,этом году Путин переизбирался,
"This year, voters re-elected Putin",этом году избиратели переизбирали Путина,
She stands for strengthening relationships with EU and NATO,Она выступает за укрепление отношений с европейским союзом и НАТО,
"Recently, the commission has been investigating interference of Russia in the Brexit campaign","Недавно, комиссия расследовала вмешательство России в кампанию Брексита",
To win a victory,одержать победу,
They won a victory in a referendum,они одержали победу на референдум,
I love watching documentary films,я люблю смотреть документальные фильмы,
They want to conduct training on this subject,они хотят проводить обучение по этому вопросу,
We are conducting / leading...,Мы проводим,
Usually I spend my leave in Britain,обычно я провожу отпуск в британии,
To put into practice,Проводить в жизнь,
We spoke in Russian.,мы говорили по-русски,
What do you want to say? / What do you mean?,Что вы хотите сказать?,
We talked about this problem.,мы говорили об этой проблеме.,
Do you like watching documentary films?,вам нравится смотреть документальные фильмы?,
I need to ask for advice about this.,мне надо обратиться за совет об этом.,
I insist that you meet with her,"Я настаиваю, чтобы вы встретились с ней",
He insists that you come to the play,"он настаивает, чтобы вы пришли на пьесу",
Action,Действие,
Local staff,Местный сотрудник,
Many writers,Много писателей,
Performance / introduction,Представление,
Seats,Места,
Humid (adj),Влажный,
Autumnal,Осенний,
He told me what happened,"он рассказал мне, что произошло",
Do you want to talk about your problem?,вы хотите рассказывать о своей проблеме?,
Tell me about your new flat,расскажите мне о своей новой квартире,
Tell me about your leave,расскажите мне о своем отпуске,
We will be conducting a meeting on Thursday,мы проведём встречу в четверг,
You are conducting / leading,Вы проводите...,
We spent the weekend in the mountains,мы проводили выходные в горах,
When will you put the plan into action?,когда вы проведёте план в действие?,
Where do you want to conduct the training?,где вы хотите провести обучение?,
We spent Christmas in London,мы провели Рождество в Лондоне,
We are conducting operations,мы проводим операции,
"I am sorry, I would like to confirm a few things","Простите, я хочу уточнить несколько вещей",
"If I am not mistaken, you are saying...","Если я не ошибаюсь, вы говорите...",
"If I am not mistaken, you have a point of view that...","Если я не ошибаюсь, у вас есть точку зрения что",
"From what you are saying, the problem seems to be...","Из того, что вы сказали, проблема кажется...",
"As far as I understand, you are saying...","Насколько я понимаю, вы говорите...",
Village,деревня,
My mum lives in a village not far from London,моя мама живет в деревне недалеко от Лондона,
We strolled around the village,мы гуляли по деревне,
Her house is located in a small village,её дом находится в небольшой деревне,
We went through many small villages,мы прошли через многие небольшие деревни,
The village is located on the river bank,деревня находится на берегу реки,
He was very worried due to this.,он очень волновался из-за этого,
He is very worried about something,Он очень волнуется из-за чего-то,
What are you worried about?,о чём вы волнуетесь?,
He does not worry about anything.,он ни о чем не волнуется.,
I am worried about your family,Я волнуюсь о вашей семье,
If I am not mistaken...,Если я не ошибаюсь...,
Luck,Удача,
,Портфель (m),
Spectator,Зритель (m),
The majority of immigrants make a contribution to society,Большинство иммигрантов вносит вклад в Общество,
Running (noun),Бег,
Many years later,Много лет спустя,
King,Король,
Youth,Молодость,
Frost,Мороз,
Geopolitics,Геополитика,
,яйца,
,рыба,
,овощи,
Slovakia,Словакия,
We visited a few museums,Мы посетили немного музеев,
Many immigrants work in important professions.,Много иммигрантов работает в важных профессиях,
Riots,Беспорядки,
In Britain we have a lot of immigrants from Eastern Europe.,В Британии у нас есть много иммигрантов из восточной Европы,
I want you to tell me about yourself,"Я хочу, чтобы вы рассказали мне о себе",
She told me about it.,она рассказала мне об этом.,
Tell me about your new job,расскажите мне о своей новой работе,
Tell me about your trip,расскажите мне о своей поездке,
"If I am not mistaken, you believe...","Если я не ошибаюсь, вы считаете...",
"If I am not mistaken, you think that...","Если я не ошибаюсь, вы думаете что...",
Agricultural (adj),сЕльскохозЯйственный,
Finance sector,Финансовая отрасль,
Stock,Акция,
Exchange / market,Биржа,
Deficit,Дефицит,
Income,Доход,
Import,Импорт,
Investments,Инвестиции,
Production / manufacturing,Производство,
Export,Экспорт,
Stock exchange,Фондовая биржа,
Economic crises,Экономический кризис,
,Ферма,
Currency,Валюта,
Debt,Долг,
Credit,Кредит,
Consumer,Потребитель,
Goods,Товар,
Owner,Владелец,
Budget,Бюджет,
To import (imp),Импортировать,
To export (imp),Экспортировать,
Spending / expenditure,Расходование,
To consume (imp),Потреблять,
Enterprise / manufacturing company,Предприятие,
Manufacture of consumer goods,производство потребительских товаров,
London stock exchange is one of the most important exchanges in the world,Лондонская финансовая Биржа одна из самых важных бирж в мире,
Extract,Добыча,
Duty / customs,Пошлина,
Expense,Расход,
Shareholder,Акционер,
Transaction / deal,Сделка,
Import of food supplies,импорт продуктов питании,
In terms of reserves of natural resources,По запасам природных ресурсов,
It is difficult to predict how the situation will develop,"трудно предсказать, как ситуация будет развиваться",
Ukraine was a very important economic part of the Soviet Union,Украина была очень важной экономической частью советского союза,
Conflict in eastern Ukraine continues to cause economic problems,Конфликт в восточной Украине постоянно вызывает экономические проблемы,
Activity (business),Деятельность (f),
Competitor,Конкурент,
Consumer (adj),Потребительский,
Demand (economics),Спрос,
Collective farm,Совхоз,
Frosty,Морозный,
Quality (adj),кАчественный,
Really?!,Да ну!?,
Please carry on.,Продолжайте пожалуйста,
Labour market,Рынок труда,
Market (adj),рЫночный,
Loss (economic / monetary),Убыток,
Consumer prices,Потребительские цены,
"Today, Ukraine in terms of exports of grain occupies third place in the world","Сегодня, Украина по экспорту зерна занимает третье место в мире",
"Ukraine is rich in reserves of natural resources, especially coal and iron ore","Украина богата запасами природных ресурсов, особенно уголь и железные руды",
Therefore price for energy rose,Поэтому цены на энергию повысились,
During,В течение,
"Previously, Ukraine was dependent on Russia due to import of gas",В прошлом Украина зависела от России из-за импорта газа,
Firstly,Во-первых,
Secondly,Во-вторых,
Thirdly,В-третих,
Iron ore,железные руды,
Many international banks are located in London,Многие международные банки находится в Лондоне,
"In Britain, tourism is very important","В британии, туризм очень важен",
Many people believe that Britain should establish trade relationships all over the world,Много людей верит что британия должна устанавливать торговые отношения по всему миру,
Today I would like to tell you about.....,Сегодня я хочу рассказать о + prep,
In the start I would like to tell you about,В начале я хочу рассказать вам о(б),
Battle / fight / combat,Бой,
Enemy,Враг,
Hot spot/ Centre,Очаг,
To attack (imp),"Нападать (на + чего, кого)",
War (adj),Военный,
Troops,Войска,
Interference,Вмешательство,
To invade (imp),Вторгаться,
Victim,Жертва,
Attack,Нападение,
Losses / casualties,Потери,
Opponent / enemy,Противник,
Soldier,Солдат,
Terrorist act,Теракт,
"And if we have time, then I would like to talk about...","И если у нас останется время, то я хочу поговорить о..........",
In conclusion,В заключении,
Blame,Вина,
Arms / equipment / arming,Вооружение,
Civilians,Мирные жители,
Captivity,Плен,
Civil war,Гражданская война,
Threat,Угроза,
To shoot (imp),"Стрелять (в + что, кого?)",
Violation,Нарушение,
Bomb (aerial),Бомба,
Assault on enemy,нападение на противника,
Arms race,Гонка вооружений,
Border violation,Нарушение границы,
Treaty about cease fire,Договор о прекращении огня,
In 2014 Russian occupied The Crimea,В 2014-ом году Россия оккупировала Крым,
Since 2014 there has been a conflict in eastern Ukraine between the state of Ukraine and pro-Russian separatists,С 2014-ого года существует конфликт в восточной Украине между государством Украины и про-российскими сепаратистами,
"War started, after Russia invaded eastern Ukraine.","Война началась, после того как Россия вторглась на восточную Украину",
"It seems to me, that there are three reasons for the war.","Мне кажется, что есть три причины войны.",
"Firstly, many Russians do not consider Ukraine a genuine independent state","Во-перых, много россиян не считают Украину подлинно независимым государством",
"Secondly, expansion of NATO and the European Union in Eastern Europe led to that, that Russia feels threatened","Во-вторых, расширение НАТО и европейского союза в восточной Европе привёл к тому, что Россия чувствует угрОзу.",
"Thirdly, when the economy of Russia declined, Putin needed something, in order to maintain support of the people","В третих, когда экономика России снизилась, Путину было надо что-то, чтобы сохранить поддержку народа.",
"Therefore Russia invaded Ukraine, and continues to provide support to separatists","Поэтому, Россия вторглась на Украину, и продолжает оказывать поддержку сепаратистам",
"Up till now, in the war have been killed more than ten thousand people","До сих пор, в войне было убить более десят тысяч человек",
"Unfortunately, there are many violations of the agreement","К сожалению, существует много нарушений соглашения",
"I think, that Putin made a mistake.","Я думаю, что Путин сделал ошибку",
"Today, Ukrainian nationalism is stronger than ever before","Сегодня, украинский национализм сильнее, чем когда-либо раньше",
Investigation,Расследование,
,Преступник,
Weapon,орУжие,
Hostage,Заложник,
To capture / take by force (imp),Захватывать,
To capture / take by force (per),Захватить,
Defence,Оборона,
,Огонь,
Disarmament,Разоружение,
Damage,ущерб,
Violation of terms of the peace treaty,нарушение условий мирного договора,
Interference in the affairs of another state,Вмешательство в дела другого государства,
War crimes,Военные преступления,
Military service,Военная служба,
Today I would like to talk about....,Сегодня я хочу поговорить о + prep,
And now let’s consider the problem....,А тепер давайте рассмотрим проблему...,
And finally I would like to underline,В конце я хотел бы подчеркнуть,
Before our next meeting...,Перед нашей следующей встречей...,
I have to call someone now,Мне приходится звонить кое-кому сейчас,
He had to meet someone,Ему пришлось встречаться с кем-то,
Do you have anything that you want to talk about?,"У вас есть что-нибудь, о чём вы хотите поговорить?",
Did you meet anyone there?,Вы встречались с кем-нибудь там?,
Did you seem anybody there that you know?,"Вы видели кого-нибудь там, кого вы знаете?",
Are you going somewhere at the weekend?,Вы поедете куда-нибудь в выходные?,
Are you doing anything at the weekend?,Вы делаете что-нибудь в выходные?,
"Average wage of Ukrainians remains low, but is growing","Средняя зарплата украинцев остаётся низкой, но она растёт",
I am looking forward to when I go to Kyiv,"с нетерпением жду, когда я поеду в Киев",
I am looking forward to...,с нетерпением жду,
I am looking forward to meeting you,"с нетерпением жду, нашей встречи",
Stay in touch,остаёмся на связи,
She had to do something,Ей пришлось делать что-то,
Foreign citizen,Иностранный гражданин,
To predict (imp),Предсказывать,
To predict (per),Предсказать,
I can’t predict the future,Я не предсказываю будущее,
"It is difficult to predict, what steps the government will undertake","Трудно предсказать, какие шаги предпринимает правительство",
"It is hard to see, what actions the government of Ukraine can undertake","Трудно увидеть, какие действия может предпринять правительство Украины",
They are undertaking action against USA,Они предпринимают действия против США,
They took steps to stimulate the economy,"Они предпринимали шаги, чтобы стимулировать экономику",
To undertake / to launch (imp),Предпринимать,
To undertake / launch (per),Предпринять,
To pay (imp),Платить,
Do you know anybody that works there?,"Вы знаете, кого-нибудь, кто там работает?",
"Do you have anything, that you need to say to me?","У вас есть что-нибудь, что вам надо сказать мне?",
Do you want anything to eat or to drink?,Вы хотите что-нибудь по есть или по пить?,
I wear glasses in order to read,"Я ношу очки, чтобы читать",
He is wearing a grey suit,он носит серый костюм,
She wore a red dress every day,она носила красное платье каждый день,
What is happening in Ukraine?,что происходит в украине?,
What will happen in the future?,что произойдет в будущем?,
"It seems to me, the problem with this, is that countries of the world, who want to trade with us, are located in Europe","Мне кажется, что проблема в том, что страны мира, которые хотят торговать с нами, находится в Европе",
"Recently, Russia and Germany signed an agreement in order to build a pipeline from Russia to Germany","Недавно, Россия и Германия подписались соглашение чтобы строит трубопровод из России в Германию",
"First, let’s start with Britain.","Во-первых, давайте начнем с Британией",
"Finally, let’s discuss problems in Ukraine",В конце давайте обсудим проблемы в Украине,
"In the beginning, I will discuss the situation...","В начале, я обсужу ситуацию...",
"Then, I want to talk about...","Потом, я хочу поговорить о",
"In eastern Ukraine, conflict continues to cause damage to the economy",В восточной Украине конфликт постоянно наносит ущерб экономике,
Collapse of the Soviet Union caused damage to society in all post-soviet countries,Распад советского союза нанёс ущерб обществу во всех постсоветских странах,
"While they become richer, they are causing damage to the future of the country","Пока они становятся богаче, они наносят ущерб будущему страны",
Islamic terrorists move to Syria and Iraq from all over the world,Исламские террористы переезжают в Сирию и Ирак со всего мира,
I need to reschedule our meeting,Мне надо перенести нашу встречу,
I want to reschedule my appointment,Я хочу перенести своё назначение,
Whether it is possible we can reschedule the lesson?,Можем ли мы перенести урок,
Many countries consider fight with terrorism is one of the most important problems in the world today,Многие страны считает борьбу с терроризмом одной из самых важных проблем в мире сегодня,
In recent years...,В последние годы...,
"In recent years we see, how terrorists conduct attacks all over the world","В последние годы мы видим, как террористы проводят теракты по всему миру",
At the beginning of the century,В начале века,
"Today, in Ukraine, attacks happen quite often","Сегодня, в Украине, нападения происходят довольно часто",
Author,Автор,
,Курорт,
Thank you for agreeing to meet with me,"Спасибо, что согласились встретиться со мной",
Thank you for finding time for me today,"Спасибо, что нашли для меня время",
I cannot make this decision now,Я не могу принять решение сейчас,
I need to discuss your proposal with my colleagues,Мне надо обсудить ваше предложение с моими коллегами,
I should discuss this issue with my boss,Я должен обсудить этот вопрос с моим начальником,
Do you have a moment?,У вас есть немного времени?,
I will stay in a hotel,Я остановлюсь в гостинице,
,налево,
Right (direction),Направо,
Go straight,идите прямо,
Let’s go!,Пойдем!,
To marry (imp) (for a woman),Выходить замуж,
To marry (per) (for a woman),Выйти замуж,
She got married two or three times,Она выходила замуж два или три раза,
"She got married, when she was twenty years old","Она вышла замуж, когда ей было двадцать лет",
She is marrying my friend,Она выходит замуж за моего друга,
She is getting married next weekend,Она выйдет замуж в следующие выходные,
Profit,Прибыль (f),
To manufacture (imp),Производить,
To manufacture (per),Произвести,
World market,Мировой рынок,
Killed,Убит,
Died,Умер,
Death,Смерть (f),
person at blame,Виноват (в чём?),
,Взрыв,
Peace / world,Мир,
Peaceful (adj),Мирный,
Captive / prisoner,Пленный,
Force,Сила,
Forces,Силы,
To ask / request (imp),Просить,
To ask / request (per),Попросить,
His name is...,его зовут...,
Her name is...,её зовут...,
We are undertaking measures against...,Мы предпринимаем меры против...,
To get divorced (imp),Разводиться,
To get divorced (per),Развестись,
His parents are divorced,Его родители развелись,
They are getting divorced,Они разводятся,
"After only a year, she divorced him","Только через год, она развелась с ним",
They want to divorce each other,Они хотят развестись друг с другом,
,Пожарник,
,Тюрьма,
Hostility,Вражда,
Injury / wound,Ранение,
Refugee camp,Лагерь беженцев,
,Зрительный зал,
Are you married? (To a man),Вы женаты?,
Are you married? (To a woman),Вы замужем?,
Perhaps,Пожалуй,
Chilly,Прохладный,
Ancestor,ПрЕдок,
Fiancée (female),Невеста,
To be honest,Честно говоря,
Starring,Начинающий,
Little house,Домик,
Food,Пища,
Small town,Городок,
Downstairs,Внизу,
,Пешеходная зона,
Do you want to say anything else about this?,Вы хотите сказать что-нибудь ещё об этом?,
Do you want to come?,Вы хотите приехать?,
How long have you lived here?,как долго вы живете здесь?,
Do you study at the university?,Вы учитесь в университете?,
Are you from Kyiv?,Вы из Киева?,
Did you cook this yourself?,Вы приготовили это сами?,
Do you want me to cook lunch?,"Вы хотите, чтобы я готовил обед?",
Do you enjoy to cook?,Вам нравится готовить?,
A few years ago,несколько лет назад,
Every week,Каждую неделю,
In a week,через неделю,
In a month,Через месяц,
A month ago,месяц назад,
However,Однако,
Employee,Сотрудник,
Salary,Зарплата,
Conditions,Условие,
Ambassador,Посол,
Union,Союз,
Exhibition,Выставка,
Agreement,Соглашение,
Bilateral,Двусторонний,
Corruption,Коррупция,
To be about to / to intend to (imp),Собираться,
I am going to do it now,Я собираюсь сделать это сейчас,
He was going to come yesterday,Он собирался прийти вчера,
She is going to come with us,Она собирается прийти с нами,
They are going to organise something at the weekend,Они собираются организовать что-нибудь в выходные,
Mountaineering,Альпинизм,
By the start of the week,К началу недели,
By the end of the month we need to agree the agenda,К концу месяца нам надо согласовать повестку дня,
By the start of next week I need to complete this work,К началу следующей недели мне надо завершить эту работу,
By the end of the month,К концу месяца,
Improvised explosive device,Самодельное взрывное устройство,
Everything was different,все было иначе,
I am going to get up early,Я собираюсь вставать рано,
They are intending to watch the football,они собираются посмотреть футбол,
We are going to leave now,Мы собираемся уйти сейчас,
I am going to call him now,Я собираюсь позвонить ему сейчас,
Where are your family from?,откуда ваша семья?,
Where do you work?,где вы работаете?,
What do you study?,что вы изучаете?,
He got married several years ago,Он женился несколько лет назад,
He is getting married next month,Он женится в следующем месяце,
He married my friend,Он женился на моей подруге,
He studied at university in Leeds.,Он учился в университете в Лидзе,
She studied at university in Cambridge,Она училась в университете в камбридге,
I studied at school in Cambridge,Я учился в школе в камбридге,
I will have to work somewhere else,Мне придётся работать где-нибудь ещё,
I had to meet her at the airport,мне пришлось встретиться с ней в аэропорту,
I had to help him,мне пришлось помочь ему,
From two to three o’clock,С двух до трёх часов,
By Friday,к пятнице,
In the evenings,По вечерам,
In a minute,через минуту,
,Мёд,
,Яблоко,
,Банан,
,Торт,
Address,Адрес,
Avenue,Проспект,
,Цирк,
Post office,Почта,
"While I studied at university, I lived with him","Пока я учился в университет, я жил с ним",
I studied at university in london,Я учился в университете в Лондоне,
I studied at the language centre at the FCO,Я учился в языковом центре в МИДе,
She studied at university in the USA,Она училась в университете в США,
We are going to leave in ten minutes,Мы собираемся уйти через десять минут,
I am going to go there at the weekend,Я собираюсь пойти туда в выходные,
He is getting married in two weeks,Он женится через две недели,
He married a Spanish woman,Он женился на испанской женщине,
To get married (imp) (for a man),Жениться,
They are helping us,они помогают нам,
I had to leave early,мне пришлось уйти рано,
I had to work,мне пришлось работать,
I would like to discuss with you one issue,Я хотел бы обсудить с вами один вопрос,
I should speak with the ambassador,Я должен поговорить с послом,
Concentration (of what?),Концентрация (чего?),
Process of change,Процесс изменения,
At the expense (of who?) (of what?),За счёт (кого?) (чего?),
At the expense of cooperation,За счёт сотрудничества,
Until five in the evening,До пяти вечера,
Next month,В следующем месяце,
I have plans in the evening from Monday to Thursday,У меня есть планы по вечерам с понедельника по четвергу,
In an hour I need to leave,Через час мне надо уйти,
By the end of summer,к концу лета,
Smoking area,Курилка,
I am going to meet them tomorrow,Я собираюсь встретиться с ними завтра,
I am going to learn rock climbing,я собираюсь научиться скалолазание,
,Корабль,
Suburban train,Электричка,
,Вертолёт,
Freelancer,Фрилансер,
To earn (imp),Зарабатывать,
To earn (perf),Заработать,
Consequences (of what?),Следствие (чего?),
I am going to talk to him,я собираюсь поговорить с ним,
I am going to relax at the weekend,Я собираюсь отдыхать в выходные,
Do you do sports?,вы занимаетесь спортом?,
Can you recommend somewhere?,Вы можете порекомендовать где-нибудь?,
Do you have children?,У вас есть дети?,
Until four o’clock,до четырех часов,
On mondays,По понедельникам,
I am leaving Kyiv in December,Я уеду из Киева в декабре,
My lesson is from 9 to 12,Мой урок с девяти до двенадцати часов,
By the end of this year,к концу этого года,
Concentration of forces,Концентрация сил,
Process of development,Процесс развития,
At the expense of citizens,За счёт граждан,
Consequences of change,Последствие изменения,
He will meet us there,он встретит нас там,
He is leaving for Australia next month,Он уедет в Австралию в следующем месяце,
I will leave Kiev tomorrow,Я уеду из Киева завтра,
We will leave from here early (by vehicle),Мы уедем из сюда рано,
Goodbye / farewell (forever),Прощайте,
After I studied at university I entered the army,"После того как я учился в университете, я пошёл в армию",
I spent a year in training in order to become an officer,Я провёл год в обучении чтобы стать офицером,
I was an officer in the Royal Engineers,Я был офицером королевских инженеров,
He left for a different country,Он уехал в другую страну,
She left for Mexico,Она уехала в Мексику,
By the start of next year,к началу следующего года,
Bring me...,Принесите...,
Give me...,Дайте...,
Bring me the bill,Принесите счёт,
,Помидор,
,Кабачки,
,Клубника,
,Брокколи,
I insist that...,"Я настаиваю, чтобы...",
"However, I know nothing about engineering, only a little about military engineering","Однако, я ничего не знаю об инженерном деле, только немного о военной инженерии",
I served twice in Afghanistan,Я служил два раза в Афганистане,
Our main task was to find IEDs,Наша главная задача была найти самодельные взрывные устройства,
Consequences of development,Последствие развития,
Consequences of progess,Последствие прогресса,
,Официанта,
Small table,Столик,
For first course...,На первое...,
With my fiancée,с моей невестой,
Concentration of population,Концентрация населения,
Concentration of troops,Концентрация войск,
Until one o’clock,до одного часа,
On Mondays I usually work in the centre,По понедельникам я обычно работаю в центре,
By the start of next week,К началу следующей недели,
Player,Игрок,
Not far from here,недалеко отсюда,
,Ягоды,
,Черника,
Sour cream,Сметана,
I can’t deny this,Этого нельзя отрицать,
I hope that you have a nice time,"я надеюсь, что у вас будет приятное время",
I only recently arrived in Kyiv,Я только недавно приехал в Киев,
Message (sms/email),Сообщение,
Step by step,Шаг за шагом,
Successor,Преемник,
News piece (on tv),Сюжет,
Laws that work,Законы работают,
,Планшет,
Laptop,Ноутбук,
,Зарядка,
,Розетка,
I have no battery left in my phone,У меня сел телефон,
I have low battery in my phone,У меня садится телефон,
Password,Пароль (ж),
What is the password for...,Какой пароль от...,
Flash drive,Флешка,
,Можно распечатать (что?),
In the market,На рынке,
One of the reasons is...,Одна из причин - это...,
On Wednesdays,по средам,
With cold milk,с холодным молоком,
,Заметка,
Accurate information,Достоверная информация,
Competent source,Компетентный источник,
Information source,Источник информации,
He attempted,он попытался,
I attempted...,я попытался...,
Process of growth,Процесс роста,
At the expense of people,За счёт людей,
At the expense of development,За счёт развития,
At the expense of our plans,За счёт наших планов,
"We studied such subjects as tactics, leadership and the history of war","Мы изучали такие темы как тактика, лидерство, история войны",
Royal Engineers are the same profession as Sappers in the Ukrainian Army,Королевские Инженеры такая же профессия как Сапёры в украинской армии,
"The first time, in 2009, my troops and I were in the Sangin Valley, in the north of Helmand","Перый раз, в две тысячи девятом году, мои Войска и я были в Сангин долине, на севере Хелманде",
Source,Источник,
To survive (per),Выжить,
To survive (imp),Выживать,
"They are leaving, in order to survive","они уезжают, чтобы выжить",
One day,Однажды,
Nobody was there,никто не было там,
Without risk to life,Без риска для жизни,
With her friends,с ее друзьями,
We have different opinions,у нас разные мнения,
questionnaire,Анкета,
fine (monetary),Штраф,
Yoga stops me becoming injured,йога перестает меня ранить,
I am waiting for someone,Я жду кого-то,
Property / belongings,Имущество,
To take away (coffee / tea),С собой,
Can I pay the bill?,можно оплатить счёт?,
We need to pay the bill,Нам надо оплатить счёт,
Have you paid the bill?,Вы оплатили счёт?,
I want to pay for myself,я хочу заплатить за себя,
I’ll just pay for one lesson,я только заплачу за один урок,
I want to join the club,я хочу записаться в клуб,
I want to enrol in the course,я хочу записаться на курс,
I joined the club,я записался в клуб,
To join / enrol (per),Записаться,
How much does it cost to join the club?,сколько стоит записаться в клуб,
I need to make an appointment with the doctor,Мне надо записаться к врачу,
She asked me about my day,Она спросила меня о моем дне,
"Every morning she asks me, whether I want porridge","каждая утра она спрашивает меня, хочу ли я кашу",
I’m full,Я сыт,
He asked for help,он просил помочь,
She asked to stay,она просила оставаться,
Process of negotiation,Процесс переговоров,
Process of search for a solution,Процесс поиска решения,
We will need to find someone else,Нам придётся найти кого-нибудь ещё.,
A lot of mistakes,Много ошибок,
Can I see it please?,Можно посмотреть ближнее?,
Will it suit you?,вас устроит?,
It will suit me,Меня устроит,
What is the difference?,Какая разница?,
I can see that you are busy,"я вижу, что вы заняты",
As part of...,в составе (чего?),
How did it go?,как прошло?,
Discount,Скидка,
Can you make it cheaper?,Можно дешЕвле?,
Do the shopping,Делать покупки,
I have no change,У меня есть не сдачи,
I forgot,Я забыл,
That’s very kind of you,Очень мило с Вашей стороны,
People of my age,люди моего возраста,
What’s for dinner?,что на ужин?,
At the expense of the population,За счёт населения,
At the expense of progress,За счёт прогресса,
"I always forget, where it is","Я всегда забываю, где это",
"I forgot, what you said","Я забыл, что вы сказали",
To forget (imp),Забывать,
To forget (per),Забыть,
,ГовЯдина,
,Виноград,
,Мороженое,
,Без сахара,
I am waiting for you,Я жду вас,
I waited three hours,Я ждал три часа,
He is waiting for something,Он ждёт чего-то,
Level (of what?),Уровень (чего?),
Level of income,уровень дохода,
Daily newspaper,Ежедневная газета,
Local newspaper,Местная газета,
Short newspaper piece,Газетная заметка,
With what aim are you going there? (By vehicle),С какой целью вы поЕдете туда?,
With what aim did he tell you this?,С какой целью он рассказал вам это?,
Through what reason did she decide this?,По какой причине она решила это?,
Through what reason are they disappointed?,По какой причине они разочарОвались,
She left for America,Она уехала в Америку,
Minority (of?),Меньшинство (кого / чего?),
I served in the army from 2007 to 2013,Я служил в армии с две тысячи седьмого года до две тысячи тринадцатого года,
He is on leave from 26th of May to 10th of June,Он отдыхает с двадцать шестого мая до десятого июня,
I asked her about it,я спросил её об этом,
She asked me about my family,она спросила меня о моей семьей,
I continuously forget this word,Я постоянно забываю этот слово,
I always forget to phone him,Я всё забываю позвонить ему,
To leave (by vehicle),Уехать,
They are leaving for Brasilia soon,Они уедут в Бразилию скоро,
Loud music,громкая музыка,
Next to us there was a loud group,рядом с нами была громкая группа,
"I forgot, in which time you want to meet?","Я забыл, в котором часу вы хотите встретиться",
"I think, that you will forget","Я думаю, что вы забудете",
,Шахматы,
Will you do a discount?,Сделаете скидку?,
I’d like to do some shopping,Я хотел бы сделать покупки,
Where do you sell...,где у вас продаются...,
,вареники,
,Гречка,
How much (informal),Почём?,
To change (per) (a large denomination note),Разменять,
I’m just looking,Я только смотрю,
Waiter,Официант,
Can we have another bread?,Можно нам ещё хлеба?,
Table for two,Столик на двоих,
Do you have a free table?,У вас есть свободный столик?,
They left for Western Europe,Они уехали в западную Европу,
We left for Germany,Мы уехали в Германию,
With what aim do they want to meet?,С какой целью они хотят встречаться?,
With what aim did they change the plans?,С какой целью они меняли планы?,
Ginger tea,имбирный чай,
They are waiting for us,Они ждут нас,
She is expecting a child,Она ждёт ребёнка,
Stability,Стабильность,
Economic stability,Экономическая стабильность,
With what aim do you want to spend time with him?,С какой целью вы хотите проводить время с ним?,
With what aim do you (informal) ask about this?,С какой целью ты спрашиваешь об этом?,
Minority of diplomats,Меньшинство дипломатов,
Minority of families,Меньшинство семьям,
For second course...,На второе...,
I would like to reserve a table for Saturday.,Я хотел бы зарезервировать столик на субботу,
Would you prefer to go somewhere else?,Вы предпочитаете пойти куда-нибудь ещё?,
How do you like to spend your free time?,как вы любите проводить своё свободное время?,
"You are forgetting, that we have done this before","Вы забываете, что мы это сделали раньше",
"We are forgetting, what we want to achieve","Мы забываем, чего мы хотим достичь",
Don’t forget!,Не забывайте!,
Level of development,Уровень развития,
Level of culture,Уровень культуры,
He is giving it to me this evening,Он даст это мне вечером,
What did you give him?,Что вы дали ему?,
Relevant informaion,Актуальная информация,
Have you seen the headlines?,Вы смотрели заголОвки?,
"The headline said, that...","В заголовке говорится, что...",
,Сало,
To sell (imp),Продавать,
Can you show me any others?,"Покажите, пожалуйста, другие",
Will you give me a discount if I buy two things?,"Вы сделаете скидку, если я куплю две вещи?",
Let’s bargain!,Давайте торговаться,
It’s difficult to predict,Трудно предсказать...,
Government is predicting that the economy will improve,"Правительство предсказывает, что экономика будет улучшаться",
Is this typical weather for Kiev?,это типичная погода по киеве?,
How is your (informal) family?,как поживает твоя семья?,
How is your (formal) family?,как поживает ваша семья?,
How is your (informal) son?,как поживает твой сын?,
Level of interest,уровень интереса,
Level of trust,уровень довЕрия,
What are you waiting for?,Чего вы ждёте?,
We waited too long,Мы ждали слишком долго,
Dept store,УнивермАг,
Trading hours,Часы работы,
Fight for existence,Борьба за существование,
Mercenaries,Наёмники,
Front line,ПередовАя,
Emergency situation,Чрезвычайное положение (ЧП),
He was injured by an explosion,Он был ранен взрывом,
It’s impossible to predict,нельзя предсказать,
"Newspaper tried to predict, who would win in the elections","Газета пыталась предсказать, кто одержит победу на выборах",
In the last twenty years,За последние двадцать лет,
In the last five days,За последние пять дней,
In the last six months,За последние шесть месяцев,
Are you ready to order?,Вы готовы заказ?,
Can we have another wineglass please?,может у нас есть еще один бокАл?,
Through what reason do you recommend this?,По какой причине вы рекомендуете это?,
Through what reason he is coming here?,По какой причине он приходит сюда?,
Through what reason is inflation rising?,По какой причине инфляция повышается?,
Armed intervention,Вооружённое вмешательство,
Line of defence,Линия обороны,
Battle losses,Боевые потери,
Fighters / militants (enemy),Боевики,
Threat of war,Угроза воины,
Militia (enemy),ОполчЕнцы,
Volunteer soldier,ДобровОлец,
United Forces,объединённые силы (ОС),
Roadblock,БлокпОст,
Happened an explosion of a device,Произошёл взрыв устройства,
Was an explosion near to the roadblock,Был взрыв рядом с блокпостом,
There was an accidental explosion on the base,Было аварийный взрыв на вазе,
Terrorists carried out an explosion in the stadium,Террористы совершали взрыв на стадионе,
"In the north of France there is a large refugee camp, where refugees wait in order to cross the channel","На севере Франции есть большой лагерь беженцев, где беженцы ждут, чтобы переехать да-манш",
In the last ten years Russia has carried out armed interventions in several countries,За последние десять лет Россия совершала вооруженное вмешательство в нескольких странах,
He stands against armed intervention for political aims,Он выступает против вооружённого вмешательства по политическим целям,
Mercenaries fight for money,Наёмники ведут бой за деньги,
For what are they fighting?,За что они ведут бой?,
Britain fought against Irish separatists for forty years,Британия вела бой против ирландских сепаратистов сорок лет,
Please wait!,Подождите пожалуйста!,
Could you wait for me?,Не могли бы вы подождать меня?,
You are waiting for someone?,Вы ждёте кого-нибудь?,
,Чиа,
,Имбирный чай с мятой,
It’s windy today,сегодня вЕтрено,
Could you help me?,Не могли бы вы мне помочь?,
"I am friends only with a few people, who go to church","Я дружу только с немногими людьми, которые ходят в церковь",
He is friends with everyone,Он дружит со всеми,
To be friends (with),Дружить (с кем?),
Minority of immigrants,Меньшинство иммигрантов,
Minority of operations,Меньшинство операций,
I will give her a gift,Я дам подарок ей,
I would like to give you...,Я хотел бы дать вам...,
Sunny today,Солнечно сегодня,
What’s funny?,Как смешнО?,
Cancer,Рак,
Anti-inflammatory,ПротивовоспалИтельный,
Observer,Наблюдатель,
Strike,Удар,
"I am friends with a lot of people, who work there","Я дружу со многими людьми, которые работают там",
With who is she friends?,С кем она дружит?,
To give / to let (imp),Давать,
To give / to let (per),Дать,
I asked him about it several times,я спрашивал его об этом несколько раз,
I asked him about similar bars,я спросил его о похожих барах,
"She asked me, whether I wanted to have dinner","Она спросила меня, хотел ли я ужинать",
"For the Soviet Union, the Second World War was a fight for existence",Для советского союза Вторая Мировая война была борьбой за существование,
"Many people believe, that today the threat of war is the most high level for fifty years","Много людей верит, что сегодня угроза войны является самым высоким уровнем с пятидесятых годов",
Both sides are seizing prisioners,Обе стороны захватывают пленных,
City was seized by Russia during the Second World War,Город захватил Россией во время второй мировой воины,
Inequality of average wage,НеравенствО средней зарплаты,
Consequences of inequality,Последствие неравенство,
You are friends with him?,Вы дружите с ним?,
We are friends with his wife,Мы дружим с его женой,
Draftee,Призывник,
Frozen conflict,замороженный конфликт,
He thinks that he can win a fight for power,"Он думает, что он может выиграть борьбу за власть",
Fighters seized their objective,Боевики захватили их объект,
Stability of the political situation,стабильность политической ситуации,
Rocket strike,Ракетный удар,
Precision strikes,Точные удары,
Armed forces of Ukraine,Вооружённые силы Украины (ВСУ),
He will seize power if she becomes weaker,Он захватит власть если она станет слабее,
Conflict is continuing due to ethnic tension,Конфликт продолжается из-за этнического напряжения,
Only one way how to resolve conflict - it is through negotiations,Только один способ как урегулИровать конфликт - это через переговоры,
Battle for the city,Бои за город,
When do they close?,Когда они закрываются?,
I need a present for...,Мне нужен подарок для...,
I would like to reserve a table for Sunday,Я хотел бы зарезервировать столик на воскресенье,
Can I have another coffee?,могу я еще кофе?,
Minority of population,Меньшинство населения,
Minority of soldiers,Меньшинство солдат,
"I am worried, that you will be disappointed","Я волнуюсь, что вы разочаруетесь",
"He was disappointed, that you (informal) cannot come","Он разочаровался, что ты не можешь приходить",
"He said, that we will be disappointed","Он сказал, что мы разочаруемся",
Enemy militia shelled civilians with rockets,Ополченцы обстреляли ракетами мирных жителей,
Enemy fighters are shelling the positions of the Combined Forces with artillery,Боевики обстреливают позиции объединённых сил артиллерией,
Problem will be forgotten,Проблема будет забыта,
Cake was made here,Торт сделан здесь,
"I bought furniture, made in Sweden","Я купил мебель, сделанную в Швеции",
In the last four years,За последние четыре года,
In the last two thousand years,За последние две тысячи лет,
"I was disappointed, that I was not there","Я разочаровался, что я не был там",
When do the shops open?,Когда открываются магазины?,
We are two,Нас двое,
Table for one,Столик на одного,
Water please,Можно мне воды,
They fought for the city,Они повели боЙ за город,
They are leading a struggle for existence,Они ведут борьбу за существование,
Russia seized the Crimea,Россия захватила крым,
They are seizing more and more territory every day,Они захватывают больше и больше территории каждый день,
To maintain support,сохранить поддержку,
Inequality of economic growth,Неравенство экономического роста,
Inequality of opportunities,Неравенство возможностей,
His behaviour was forgotten,Его поведение было забыто,
"For Kurdistan, it is a fight for existence","Для Курдистана, это борьба за существование",
Message was received,Сообщение было получено,
"Letter, received yesterday, was written by her brother","Письмо, полученное вчера, было написано её братом",
Consequences of the decision were forgotten,Последствия решения были забыты,
Government manages policies,Правительство управляет политикой,
Local authorise manage the city,Местные власти управляют городом,
,Компот,
,апельсиновый сок,
She was disappointed in the result,Она разочаровалась в результате,
To destroy (imp),Разрушать,
To destroy (per),Разрушить,
Ethnic and religious tension is hindering resolution of the conflict,Этническое и религиозное напряжение мешает урегулировать конфликт,
For a decade,в течение десятилетия,
Impossible to resolve conflict in the current circumstance,Нельзя урегулировать конфликт в текущих обстоятельствах,
To manage / to administer (imp),Управлять (чем?),
Orthodox Church,Православная Церковь,
Money will be received by him tomorrow,Деньги будет получены ним завтра,
Issue was forgotten,Вопрос был забыт,
Soviet power destroyed some cathedrals,Советская власть разрушила несколько собОров,
ISIS seized territory in Iraq and Syria,ИГИЛ захватил территорию в Ирак и Сирии,
"Religious tension led to that, that civil war started","Религиозное напряжение привело к тому, что Гражданская война началось",
"One from the reasons, that war continued for a long time, is religious tension between different groups","Одна из причин, что война продолжалась долго, это религиозное напряжение между другими группами",
Without mushrooms,без грибов,
For dessert...,На десерт...,
,Бокал,
Organisation,Организация,
To expect (imp),Ожидать,
I am expecting a message from him,Я ожидаю сообщение от него,
Manager manages the enterprise,Менеджер управляет предприятием,
In current circumstances,в текущих обстоятельствах,
Decision was taken without me,Решение было принято без меня,
Decision will be taken tomorrow,Решение будет принято завтра,
Law was passed,Закон был принят,
Business contacts,Деловые контакты,
Free market,Свободный рынок,
Average price of a house in London stands at about 500 thousand pounds,Средняя цена на дом в Лондоне составляет около пятисот тысяч фунтов,
Level of personal debt,Уровень частного долга,
Brexit is destroying the British economy,‘Brexit’ разрушает британскую экономику,
Too many tourists will destroy the city,Слишком много туристов разрушит город,
"They are expecting that, that you will go concessions","Они ожидают то, что вы пойдёте уступки",
Need to expect this,Надо ожидать это,
Saudi Arabia,СаУдовская Аравия,
"We are expecting that, that he will do it today","Мы ожидаем то, что он сделает это сегодня",
We did not expect such a result.,Мы не ожидали такого результата,
Average wage in London surpasses average wage in the rest of the country,Средняя зарплата в Лондоне опережает среднюю зарплату в остальной части страны,
Minority of students,Меньшинство студентов,
Minority of these people,Меньшинство этих людей,
,Апельсин,
Heart attack,Инфаркт,
To provide support (imp),оказывать поддержку,
He is underestimating the influence of the IMF,Он недооценивает влияние МВФ,
"Cameron underestimated, what he was doing","Камерон недооценивал, что он делал",
War is destroying the economy,Война разрушает экономику,
Heavy industry destroys nature,Тяжёлая промышленность разрушает природу,
Minister manages the economy,Министр управляет экономикой,
Governor manages the region,Губернатор управляет регионом,
Foreman managed the factory.,Мастер управлял заводом,
To evade tax,уклоняться от уплаты налогов,
,Мотоцикл,
Near to the airport,Рядом с аэропортом,
On the left bank,на левом берегу,
On the right bank,На правом берегу,
Revolution destroyed the system of government,Революция разрушила систему правления,
To demand (imp),Требовать (чего?),
"She is demanding, that we change the plan","Она требует, чтобы мы изменили план",
We are demanding one more meeting,Мы требуем ещё одной встречи,
"You are demanding, that we leave?","Вы требуете, чтобы мы ушли?",
,Ложка,
,Чашка,
In connection with...,В связи с... (чем?),
,кОшка,
,собАка,
To underestimate (imp),Недооценивать,
We should not underestimate...,Мы не должны недооценивать...,
He always fulfils his work well,Он всегда выполняет свою работу хорошо,
To carry out / to fulfil (imp),Выполнять,
To carry out / to fulfil (per),Выполнить,
Success in armed intervention often happens at the expense of civilians,Успех в вооружённом вмешательстве часто происходит за счёт мирных жителей,
Terrorists seized hostages,Террористы захватили заложников,
Soviet Union seized the Baltic states at the end of the Second World War,Советский Союз захватил балтийские государства в конце второй мировой воины,
Ethnic tension will provoke armed conflict,Этническое напряжение спровоцирует вооружённый конфликт,
Ten volunteers died as a result of rocket strikes in the last week,Девять добровольцев погибли результат ракетных ударов за последние неделю,
In the last three weeks,За последние три недели,
Economy will be damaged,Экономике будет нанесён ущерб,
Weekly magazine,Еженедельный журнал,
I only read the headline,Я только читал заголовок,
"Nobody expected, that it would happen","Никто не ожидал, что это произошло",
"We underestimated, how complex the issue was","Мы недооценивали, какой сложный вопрос был",
"We are all underestimating, how stupid he is","Мы все недооцениваем, какой он глупый",
I have already spent too much time...,Я уже потратил слишком много времени...,
He spends all his money on entertainment,Он тратит все свои деньги на развлечения,
To spend (imp),Тратить,
To spend (per),Потратить,
,Лошадь,
,Животные,
A lot of churches,много церквей,
,Православный храм,
History of the church,История церкви,
Influence of religion in society,Влияние религии в обществе,
Russia is not fulfilling the treaty,Россия не выполняет договор,
"I am fulfilling the commitments, which were taken on by my predecessor","Я выполняю обязательства, которые взял на себя мой преемник",
Under a black flag,Под чёрным флагом,
Security person,Охранник,
"You are right, I also think that","вы правы, я тоже так думаю",
"I am sure, that...","я уверен, что",
,яблочный сок,
Someone is accused in corruption,Кого-то обвиняют в коррупции,
To commit a crime (imp),Совершать преступление,
Punishment,Наказание,
While in prison,Пока в тюрьме,
"Why should we expect that, that his behaviour will improve?","Почему мы должны ожидать то, что его поведение будет улучшаться",
What do you expect to happen?,Что вы ожидаете произойти?,
They spend a lot of money on travel,Они тратят много денег на путешествие,
"Can’t see, on what they spend money","Не видно, на что они тратят деньги",
"Hard to see, on what they will spend the money","Трудно увидеть, на что они потратят деньги",
On what she usually spend her money?,На что она обычно тратит её деньги?,
"How much money, you spent on it?","Сколько денег, вы потратили на это?",
"They are not fulfilling that, that they promised in the time of the referendum","Они не выполняют то, что они обещали во время референдума",
They will fulfil the tasks,Они выполнят задачи,
He is demanding an apology from you,Он требует извинении у вас,
Demonstrators demanded a second referendum,Демонстранты требовали второго референдума,
Difference between rich and poor people continues to increase,Отличие между богатыми и бедными людьми продолжает увеличиваться,
Developing country,развивающаяся страна,
She is fulfilling the tasks this month,Она выполняет задачи в этом месяце,
They are underestimating your skills,Они недооценивают ваши нАвыки,
He is underestimating threat of Russia,Он недооценивает угрозу России,
Private investments,Частные инвестиции,
Prices of houses,цены на жильё,
Useful word,полезное слово,
Most likely...,вероятно всего,
Most of all...,больше всего,
Often only…,Часто всего,
"Table was made, by my father","Столик, был сделан моим отцом",
Resolution was passed,Резолюция была принята,
"Seen, that economy is not stable","Видно, что экономика не стабильная",
"Seen, that nobody had a plan","Видно, что никто не был план",
"We are fulfilling the promise, that we did","Мы выполняем обещание, что мы сделали",
He will fulfil his promise,Он выполнит обещание,
"They did not fulfil the commitments, that they took","Они не выполнили обязательства, которые они взяли",
To accuse (imp),Обвинять (в чём?),
To accuse (per),Обвинить (в чём?),
Britain accused Russia in attempt to kill former spy,Британия обвинила Россию в попытке убить бывшего шпиона,
International Society continuously accuses Russia in violation of international laws,Международное сообщество постоянно обвиняет Россию в нарушении международных законов,
Society was damaged,Обществу был нанесён ущерб,
Same issue,такой же вопрос,
,ботинки,
,Горячий шоколад,
To demand (per),Потребовать (чего?),
"They are demanding from the government, that wages will be increased","Они требуют от правительства, чтобы зарплаты повысились",
USA demanded change to the conditions of the agreement,США требовали изменений условий соглашения,
He fears the consequences of arms race,Он боИтся последствий гонки вооружений,
"He fears the control, that peacekeeping forces would have","Он боИтся контрила, что миротворческие силы будут иметь",
I fear sharks,Я боюсь акул,
To fear (imp),Бояться,
In the last year and a half,за последние полтора года,
In the last six hours,За последние шесть часов,
,Орехи,
,Нож,
AIDS,СПИД,
Chinese (adj),Китайский,
German (adj),Немецкий,
American man,Американец,
Australia,Австралия,
Suburb,Пригород,
Modern,Современный,
Official (adj),Официальный,
National (adj),Национальный,
International,Международный,
Citizenship,Гражданство,
To organise,Организовать,
Trade (adj),Торговый,
To sign (perf),Подписать,
Do you like to travel?,вам нравится путешествовать?,
Furniture,Мебель,
Shower,Душ,
At home,Дома,
The same situation all over the world - small number of rich people surpass the majority,Такая же ситуация по всему миру - маленькая численность богатых людей опережает большинство,
"In north of England, Scotland and wales, average wage, quality of life and level of unemployment lag behind from the region around london","На севере англии, шотландца и Уэльса, средняя зарплата, качество жизни, уровень безработицы отстают от района вокруг Лондона",
Search,Поиск,
About the church,О церкви,
Role of the church,Роль церкви,
Influence of religion on morals,Влияние религии на мораль,
Meanwhile...,Между тем...,
To shell (per) (military),Обстрелять,
We spent the budget already,Мы потратили бюджет уже,
"On what you are spending so much money, so quickly?","На что вы тратите так много денег, так быстро?",
To commit a crime (per),Совершить преступление,
Violence,Насилие,
To underestimate (per),Недооценить,
"You fear, that your family is in danger?","Вы боИтесь, что ваша семья в опасности?",
What do you fear?,Чего вы боИтесь?,
USA constantly accuses Russia in interference in elections,США постоянно обвиняют Россию в вмешательстве в выборы,
Minister is being accused in corruption,Министера обвиняют в коррупции,
To steal (imp),Красть,
Bag was stolen,Сумка была украдена,
Oligarchs simply stole wealth from the people of Russia and Ukraine,Олигархи просто украли богАтство у народа России и Украины,
Netherlands accused Russia in attempt of cyber attack,Нидерланды обвинили Россию в попытке кибератаки,
"She underestimated, how serious the situation was","Она недооценивала, какой серьёзной была ситуация",
Stalin underestimated German army,Сталин недооценил немецкую армию,
Catastrophe,Катастрофа,
To steal (per),Украсть,
Tasks were done by the end of the week,Задачи были сделаны к концу недели,
"We don’t know the consequences of the decision, taken today","Мы не знаем последствие решении, принятых сегодня",
"Seen, that several people are not happy","Видно, что несколько людей не счастливы",
"You consider, that it will be impossible to fulfil this?","Вы считаете, что нельзя будет выполнить это?",
"We think, that he can fulfil the commitments, that he took","Мы думаем, что он может выполнить обязательства, что он взял",
From him stolen watch,У него украли часы,
All my things were stolen,Все мои вещи были украдены,
You know anything about this?,Вы знаете что-нибудь об этом?,
Do you have evening lessons?,У вас есть уроки вечером,
"I fear, that they will not go to concessions","Я боюсь, что они не пойдут на уступки",
She feared his influence,Она боялась его влияния,
"She feared, that she had lost everything","Она боялась, что она потеряла всё",
Not under control (adj),неподконтрольная,
The largest refugee camp for Syrian refugees is located in Jordan,Самый большой лагерь беженцев для сирийских беженцев находится в Иордании,
Invasion,Вторжение,
In connection with money laundering,в связи с отмыванием денег,
Blackmail,Шантаж,
Accusation,Обвинение (чего?),
Crime of violence,Преступление насилии,
Putin and his circle are stealing wealth from Russia,Путин и его окружение крадёт богАтство у России,
Keys were stolen,Ключ был украден,
Nuclear armaments,Ядерные вооружения,
Nuclear strike,Ядерный удар,
,Маршрутка,
Somebody will steal it,Кто-то украдёт это,
She stole from us,Она украла у нас,
I will attempt,Я попытаюсь,
To hide / conceal (imp),Скрывать (что от чего?),
To hide / conceal (per),Скрыть (что от чего?),
To touch upon (imp),Касаться (кого?),
To touch upon (per),Коснуться (кого?),
As concerns me...,Что меня касается...,
Link (internet),Ссылка,
Open a criminal case,Открыта уголовное дела,
Revenge,Месть,
Influence of the church,Влияние церкви,
In this case...,в данном случае...,
Conversation is going about problem of corruption,Речь идёт о проблеме коррупции,
Conversation is going about situation in Saudia Arabia,Речь идёт о ситуации в саудовской Аравии,
Around the island,вокруг Острова,
,Список,
Warm coat,Тёплое пальто,
Climate change,Изменение климата,
We all consume too much,Мы все потребляем слишком многих,
Full disarmament,Полное разоружение,
Ukraine is fighting for its territory,Украина ведёт бой за свою территорию,
He hid the truth from us,Он скрыл правду от нас,
What are you hiding from me?,Что вы скрываете от меня?,
As for (what)...,Что касается (чего / кого?)...,
They normally shell during the night,Они обычно обстреливают в течение ночи,
,пешеходный мост,
You hide your feelings well,Вы скрываете свои чувства хорошо,
The process is stealing future from young generation,Процесс крадёт будушее у молодого поколения,
Who stole my pencil from me?,Кто украл у меня карандаш,
Stolen (PPP),Украден,
National threat,национальная угроза,
To value (imp),Ценить,
She valued your friendship,Она оценила вашу дружбу,
Flu,Грипп,
Cough,Кашель,
Sprain,Растяжение,
Fracture,Перелом,
Epidemic,Эпидемия,
Overestimate (imp),Переоценивать,
Overestimate (per),Переоценить,
As concerns the future...,Что касается будущего...,
"As concerns the future, we need to do it differently","Что касается будущего, нам надо делать это по-другому",
To protect / defend (imp),Защищать,
,Суши,
,Грибы,
,Киноа,
In private schools,В частных школах,
Several schools,Несколько школ,
Important to think for yourself,Важно думать сами,
"Basically I agree with you, however...","в основном я согласен с вами, однако...",
Social skills could be the most important part of education,Социальные навыки могут быть самой важной частью образования,
What is their point of view?,Какова их точка зрения?,
Vaccination (from),Прививка (от),
Tonsillitis,Ангина,
To arrest,Арестовать,
There are a lot of refugee camps in the south of turkey,Существует много лагерей беженцев на юге Турции,
He is leading the country towards chaos,Он ведёт страну к хаосу,
He led them towards us,Он вёл их к нам,
My car was made in Germany,Моя машина сделана в Германии,
"Law, passed this year, is not popular among voters","Закон, принятый в этом году, не популярен среди избиратели",
"Seen, that situation is improving","Видно, что ситуация улучшается",
Exists a problem of growth level of diabetes,Существует проблема роста уровня диабета,
Conversation will be about death penalty,Речь будет идти о смертной Казни,
He valued your honesty,Он оценил вашу честность,
I value your efforts,Я ценю ваши усилия,
Prisoner,Заключённый,
"In private schools, number of schoolchildren in class usually lower than in state schools","В частных школах, число школьников в классе обычно ниже чем в государственных школах",
"I think, that exists too much emphasis on exams in British schools","Я думаю, что существует слишком много упора на экзамены в британских школах",
"For a lot of people, their spending is ahead of their income, therefore level of personal debt is high","Для многих людей, их трати опережает их доход, поэтому уровень частного долга высокий",
Could you tell me...,не могли бы вы сказать,
With weapon(s),С оружием,
To be disappointed (imp),Разочаровываться,
To be disappointed (per),Разочароваться,
He is hiding something from all of us,Он скрывает что-то от всех нас,
He is hiding information about himself from the people,Он скрывает информацию о себе от народа,
He got ill with flu,Он заболел гриппом,
He has a fracture of leg,У него есть перелом ноги,
How did your week go?,как прошла ваша неделя?,
To argue / debate (imp),Спорить,
To argue / debate (per),Поспорить,
He is debating with his opponent again,Он спОрит с своим противником снова,
About what are you debating?,О чём вы спорите?,
He will hide his feelings from you,Он скрОет свои чувства от вас,
"They never hide, that they don’t believe him","Они никогда не скрывают, что они не верят ему",
How will we hide this from him?,Как мы скроем это от него?,
War of independence,Война за независимость,
Violation of the agreement,Нарушение соглашения,
I would like to reserve a table for Wednesday evening,Я хотел бы зарезервировать столик на среду вечером,
Creation of more employment,создание большой занятости,
These catastrophes touch upon us all,Эти катастрофы касаются всех нас,
Consequences touch upon all countries,Последствия касаются всех стран,
"As for climate change, consequences are harder to see","Что касается изменение климата, последствия более трудно увидеть",
Not full workings day,Неполный рабочий день,
I always debate with him about politics,Я всегда спорю с ним о политике,
Effort,Усилие,
Misunderstanding,Недоразумение,
Singer (male),Певец,
Singer (female),Певица,
"As for me, we should work together","что меня касается, мы должны работать вместе",
Conversation went about draftees,Речь шла о призывниках,
Exists epidemic of measles now,Существует эпидемия кори сейчас,
You have a cough?,У вас кашель?,
Their parents value education,Их родители ценят образование,
To attract (imp),Привлекать,
To attract (per),Привлечь,
To threaten (imp),Угрожать,
UN Peacekeeping troops,Миротворческие войска ООН,
"We need to find a new way, in order to resolve the conflict","Нам надо найти новый способ, чтобы урегулировать конфликт",
Really...,Действительно...,
To contribute (to) (imp),Способствовать (чему?),
To respect (imp),Уважать,
To belong (to),Принадлежать (чему? К чему?),
I am taking them home,Я веду их домой,
You (informal) drive a car?,Ты водишь машину?,
I respect you,Я уважаю вас,
He respects you?,Он уважает вас?,
Under control (adj),подконтрольная,
Which circumstances provoked conflict?,Какие обстоятельства спровоцировали конфликт?,
To carry responsibility?,Нести ответственность,
I am wearing boots,Я ношу ботинки,
I value your kindness,Я ценю вашу добротУ,
He values our confidence in his work,Он ценит нашу уверенность в его работе,
It does not concern me,это меня не касается,
"You are touching on an issue, which is more important","Вы касаетесь вопроса, который больше важен",
I have no idea,Не имею ни малейшего представления,
Ban / prohibition,Запрет,
Before (in complex sentence),До того как,
Gossip (plural),сплетни,
In danger,В опасности,
Balcony,Балкон,
Similar,Похожий,
Complacent,СамодовОльный,
Useful (adj),Полезный,
Valuable (adj),Ценный,
Answer,Ответ,
She got ill with tonsillitis,Она заболела ангиной,
I have a strained muscle of back,У меня есть растяжение мышц спины,
Hepatitis,Гепатит,
Body,Тело,
Measles,Корь,
Injury,Травма,
To regulate (imp),Регулировать,
To stimulate (imp),Стимулировать,
To trade,Торговать,
Trainer / Manager (in sport),Тренер,
Score,Счёт,
Hockey,Хоккей,
,Шляпа,
Monthly magazine,Ежемесячный журнал,
Political propaganda,Политическая пропаганда,
Responsibility,ответственность,
Passage / Aisle,Проход,
To applaud,Аплодировать,
We debated about Putin,Мы поспОрили о Путине,
"I know, that I will argue with her about it","Я знаю, что я поспорю с ней об этом",
To value (per),Оценить,
We highly value your point of view,Мы высоко ценим вашу точку зрения,
I respect him as an opponent,Я уважаю его как противника,
They respect success,Они уважают успех,
What contributes to development of economy,Что способствует развитию экономики?,
Her efforts are contributing to the success of the project,Её усилия способствуют успеху проекта,
Conversation went about his past,Речь шла о его прошлом,
Conversation went about her responsibilities,Речь шла о её ответственности,
Conversation will be about money laundering,Речь будет идти о отмывании денег,
I feel like going...,Мне хочется идти,
"Many people believe, that ecological problems them don’t touch.","Много людей верит, что экологические проблемы их не касаются",
As for them personally...,что касается их лично...,
You respect his opinion?,Ты уважаешь его мнение?,
She never respects the law,Она никогда не уважает закон,
He did it without attracting attention to himself,Он сделал это без привлечение внимания к себе,
He is involving me in his work more and more,Он привлекает меня к свой работе более и более,
This belongs to you?,Это принадлежит вам?,
Credit belongs to you,Заслуга принадлежит вам,
To respect conditions of the treaty,Уважать условия договора,
Campaign attracted big support,Компания привлекла большую поддержку,
He is trying to attract votes,Он пытается привлекать голоса,
I am bringing to you documents to the meeting (on foot),Я несу вам документы на встречу,
He is not carrying briefcase today,Он не носит портфель сегодня,
What does he value except money?,Что он ценит кроме денег?,
Youth value different things,молодёжь ценит разные вещи,
You value his opinion?,Вы цените его мнение?,
Protection of territorial integrity,защита территориальной целостности,
They will seize the city in several days,Они захватят город через несколько дней,
Order,Приказ,
Illness,Заболевание,
Exists serious problem with hepatitis,Существует серьёзная проблема с гепатитом,
Siberia,Сибирь,
Beijing,Пекин,
What size?,Какой размер?,
Emphasis,упОр,
Trust,Доверие,
Martial law,Военное положение,
To declare martial law,объявить военное положение,
Misjudgement / underestimate,недооценка,
I take her to the ballet every month,Я вожу её на балет каждый месяц,
She took me to a play,Она водила меня на пьесу,
To order (imp),Приказывать (кому? Делать что?),
To order (per),Приказать (кому? Делать что?),
"Measures will be taken, in order to improve the situation","Меры будут приняты, чтобы улучшить ситуацию",
"Measures, taken up to this, in order to improve security, did not work","Меры, принятые до того, чтобы улучшать безопасность, не работали",
All these factors contribute,Все эти факторы способствуют,
High level of crime contributes to the idea...,Высокий уровень преступности способствует идее...,
He is wearing blue jeans,Он носит голубые джинсы,
To carry expense for,Нести расходы за,
He always attracts attention to himself,Он всегда привлекает внимание к себе,
Don’t attract to yourself attention,Не привлекайте к себе внимание,
Aimed at what?,Нацелено на что?,
Based on what?,оснОвано на чём?,
"Female passer-by was leading a child, when I walked past her","Прохожая вела ребёнка, когда я прошёл мимо неё",
She is driving the boat into the port,Она ведёт корабль в порт,
General will order army to attack tomorrow,Генерал прикажет армии нападать завтра,
It contributes to a healthy form of life,Это способствует здоровому образу жизни,
Problems contributes to this.,Проблемы способствуют этому.,
I eat...,Я ем...,
In particular,в частности,
Gas pipe line,газопровод,
He is attracting a lot of investment,Он привлекает много инвестиции,
I will suggest (per),Я предложу,
I will carry / bring (per),я понесу...,
To detain (imp),Задерживать,
To detain (per),Задержать,
Exchange rate is falling,курс валюты падает,
Service / contribution,Заслуга,
Who carries responsibility for...,кто несёт ответственность за ...,
Let’s talk about them,давайте поговорим о них,
When did he die?,когда он умер?,
Let’s talk about...,давайте поговорим о...,
Let’s consider...,давайте рассмотрим...,
Let’s discuss it tomorrow,давайте обсудим это завтра,
Across the footbridge,через пешеходный мост,
Permit / permission,Разрешение,
Come with me,пойдем со мной,
Photographs,фотографии,
I will continue the investigation,Я продолжу расследование,
Attention,Внимание,
Criminality / crime in general,Преступность,
I brought a list of problems (on foot),Я нёс список проблем,
They always wear official clothes to work,Они всегда носят официальную одежду на работу,
Speech was aimed at attraction of votes,Речь была нацелена на привлечение голосов,
Kerch strait,керченский пролив,
Success was based on your efforts,Успех был оснОван на ваших усилиях,
Based on realistic expectations,ОснОван на реалистичном ожидании,
Where is he taking you now?,Куда он ведёт вас сейчас?,
He was born...,Он родился,
I have a hurt back,У меня болит спина,
Appropriate / relevant (adj),Уместный,
Commitment,Обязательство,
He is ordering troops to go towards the border,Он приказывает войскам идти к границе,
"Decree was aimed at that, in order to...","Указ был нацелен на то, чтобы...",
Opinion based on his experience,Мнение оснОвано на его опыте,
"Why, you (informal) are not wearing a warm coat?",Почему ты не носишь тёплое пальто?,
,Препарат,
Shipping,Судоходство,
Vessel,сУдно,
Supporter,СторОнник,
Decision was based on the support of the people,Решение было оснОвано на поддержке народа,
Relationship will be based on trust,Отношение будет оснОвано на доверии,
About what was the argument?,О чём был спор?,
Warmer,теплее,
He defends his point of view,он защищает свою точку зрения,
To protect / defend (per),Защитить,
Integration,интеграция,
Unsuccessfully (adverb),безуспешно,
This behaviour contributes to corruption,Это поведение способствует коррупции,
These reasons contributed to battle losses,Эти причины способствовали боевым потерям,
Conversation was based on a misunderstanding,Разговор был оснОван на недоразумении,
Based on hope,ОснОвано на надежде,
She got ill with cancer,Она заболела раком,
She has a fracture of arm,У неё есть перелом руки,
What’s the headline?,что заголОвок?,
Social media,Соц-сеть,
Broadcast,Вещание,
They always protect their own interests,они всегда защищают свои интересы,
They are simply defending their independence,они просто защищают свою независимость,
To take hostages,Задержать заложников,
They don’t belong to anything,Они не принадлежат к чему-то,
This success belongs to you,Это успех принадлежит вам,
"Police ordered, that demonstrators ceased march","Полиция приказала, чтобы демонстранты прекратили марш",
He ordered to do it again,Он приказал сделать это снова,
I am carrying responsibility for plan,Я несу ответственность за план,
24th September 1983,двадцать четвертого сентября тысяча девятьсот восемьдесят третьего года,
,Шапка,
I will send you the link,Я пошлю вам ссылку,
Can you send me the link?,Вы можете послать мне ссылку?,
I got ill (with what?),Я заболел (чем?),
There is an epidemic of flu now,Есть эпидемия гриппа сейчас,
He took the decision himself,Он принял решение сам,
This does not belong to me,Это не принадлежит мне,
We need to attract attention to this issue,Нам надо привлекать внимание к этому вопросу,
Theft,Кража,
Theft of information,кража информации,
To relate to / to treat somebody (imp),Относиться (к чему?) (К кому?),
To relate to (per),Отнестись (к чему),
The territory where the fighting takes place occupies a small part of the country,"территория, где происходят боевые действия, занимает небольшую часть страны",
Regime of cease fire,Режим прекращения огня,
"There was many prisoners, who were seized by fighters","Было много пленных, которых захватили боевики",
A country must defend its borders,страна должна защищать свои границы.,
State must protect the people of the country,Государство должно защищать народ страны,
I totally agree,Это само собой разумеется,
What is the source of the information?,что является источником информации?,
Social media sites,Соц-сети,
We are debating with one another about ecology,Мы спорим друг с другом о экологии,
In remaining parts of the country,в остальной части страны,
She carried the book to school (on foot),Она несла книгу в школу,
You carry this bag every day?,Вы носите эту сумку каждый ден?,
Appointment,Назначение,
"Many people believe, that quality of training higher in private schools","Много людей верит, что качество обучении выше в частных школах",
,Танцор,
Literally,Буквально,
Research,Исследование,
Arm of service / type of troops,Род войск,
In principle,В принципе,
Certainly / for sure,Наверняка,
Between us no nothing in common,Между нами нет ничего общего,
Privilege,ПривилЕгия,
Victims among the civilian population,Жертвы среди мирного населения,
,Полуфабрикат,
,Сезонные овощи,
,Жир,
"She is debating with everyone about that, what to do now","Она спОрит со всеми о том, что делать сейчас",
Who is carrying expense for this?,Кто несёт расходы за это?,
We can carry the expense,Мы можем нести расходы,
Environment,Окружающая среда,
He was punished,он был наказан,
Nobody was punished,никто не был наказан,
I am exiting now,Я выхожу сейчас,
She is exiting here soon,Она выходит отсюда скоро,
I don’t think that it relates to what we are talking about,"Я не думаю, что это относится к тему, о котором мы говорим",
Punished (PPP),Наказан,
Policy was aimed at creation of employment,Политика была нацелена на создание занятности,
Presenter,Ведущий,
To broadcast,Вещать,
You must protect your family,вы должны защитить свою семью,
We must defend ourselves from attack,Мы должны защищать себя от атаки,
These things are related to emigration,Эти вещи относятся к эмиграции,
Ordered (PPP),Приказан,
They are always ordering to people to do something,Они всегда приказывают людям делать что-нибудь,
I took him around the city,Я водил его по городу,
She wants to take you to the cinema,Она хочет водить вас в кино,
We will bring cash (on foot),Мы будем нести наличные,
Who carries responsibility for this?,Кто несёт ответственность за это?,
Process of learning,процесс изучения,
To consider (imp),Рассматривать,
To consider (per),РассмОтреть,
Than ever before,Чем когда-либо прежде,
To suffer (from what?),Страдать (от чего?),
She suffers from loneliness,Она страдает от одиночества,
"He was ordered, to return to Moscow","Он был приказан, вернуться в Москву",
Government ordered to do reform of army,Правительство приказало делать реформу армии,
"Law is aims at that, in order to hinder...","Закон нацелен на то, чтобы мешать",
Speech was aimed at internal audience,Речь была нацелена на внутренного зрители,
Play based on book,Пьеса оснОвана на книге,
Tension was based on a simple misunderstanding,Напряжение было оснОвано на простом недоразумении,
He got ill very quickly,Он очень быстро заболел,
He understood that he could not fight the disease,"Он понимал, что он не мог победить болезнь",
Civil marriage,Гражданский брак,
You are taking him with you?,Ты ведёшь его с собой,
They run the affairs for the company,Они ведут дела для компании,
On social media sites,В соц-сетях,
To assure (imp),Заверять,
To assure (per),Заверить,
"For a long time, interest rate has remained low, therefore it is cheap to borrow money","Долго, процентная ставка остаётся низкой, поэтому дёшево брать взаймы",
I have a strained muscle of leg,У меня есть растяжение мышц ноги,
There is a vaccine against measles,Есть вакцина против кори,
"What are they trying to achieve, when they say this?","Чего они пытаются достичь, когда они говорят это?",
"You were carrying the bag, when it was stolen?","Вы несли сумку, когда она была украдена?",
You will bring the flash drive?,Вы понесёте флешку?,
Loneliness,одинОчество,
Unlikely,МаловероЯтно,
Military exercises,военные учения,
Complacent person,самодовольный человек,
We should not be complacent,мы не должны быть самодоволен,
Much better,намного лучше,
Much worse,намного хуже,
Much fewer,намного мало,
His behaviour attracted attention,Его поведение привлеклО внимание,
We should hold accountable these people,Мы должны привлечь к ответу этих людей,
"Usually, they exit the house early in the morning","Обычно, они выходят из дома рано утром",
She recently exited the restaurant,Она вышла из ресторана недавно,
Skills of communication,навыки общения,
Who is the source of information?,Кто является источником информации?,
The problems were related to the situation in eastern Ukraine,Проблемы отнеслись к ситуации в восточной Украине,
The war was related to this issue,Война отнеслась к этому вопросу,
I am not threatening you,Я не угрожаю вам,
Country is threatening opponents with violence,Страна угрожает противникам насилием,
You received the link?,Вы получили ссылку?,
The link doesn’t work,Ссылка не работает,
Source of pollution,Источник загрязнения,
"Measures, in order to reduce pollution of the air","Меры, чтобы уменьшать загрязнение воздуха",
Religious problem,Религиозная проблема,
What is happening in Azerbaijan,Что происходит в Азербайджане,
It does not contribute to the solution of the question,Это не способствует решению вопроса,
Increase of immigrants contributes to the feeling...,Увеличение иммигрантов способствует чувству...,
Country suffered enough,Страна страдала достаточно,
These people have suffered the last century,Эти люди страдали за последнии век,
Infection,Заражение,
She got ill with hepatitis,Она заболела гепатитом,
Not exist vaccine against Ebola,Не существует вакцины против эболы,
"He decided to cease treatment, because he knew, that his treatment was not effective","Он решил прекратить лечение, потому что он знал, что его лечение не эффективно",
Which sources we should trust?,Каким источникам мы должны доверять?,
"I assure you, that in this...","Я заверяю вас, что в этом...",
"I assured him, that...","Я заверил его, что...",
On the verge,На грани,
Frankly (adv),Откровенно,
Marriage,Брак,
Interest rate,процентная ставка,
With Putin,С Путиным,
I am very grateful for your support,я очень благодарен за вашу поддержку,
Be under pressure,Находится под давлением,
I am under pressure of my boss,Я под давлением моего босса,
I will hold you accountable for the consequences,Я привлеку к ответу вас за последствие,
He will hold me accountable for result,Он привлечёт к ответу меня за результат,
I have a different opinion...,у меня другое мнение,
To contribute (to) (per),Поспособствовать,
These events are contributions to hostility between countries,Эти события способствуют враждЕбности между странами,
I am still considering the problem,Я всё ещё рассматриваю проблему,
He will consider our proposals,Он рассмОтрит наши предложения,
"Newspapers must print that, that readership wants to read","Газеты должны печатать то, что читательская аудитория хочет читать",
He suffers awfully from head pain,Он страдает ужасно от головных болей,
System suffers from under-funding,Система страдает от недофинансирования,
Subtle,Тонкий,
,Диван,
,Кроват,
Industrial sector,Промышленная отрасль,
Regulation,Регулирование,
You (informal) are considering in the whole?,Ты рассматриваешь в целом?,
I considered the issue in all aspects,Я рассмОтрел вопрос во всех аспектах,
,Кровь,
Government official,Чиновник,
"I am concerned, that","Я переживаю, что",
,Ветряная мельница,
,Поле,
Readership needs to receive accurate information,Читательской аудитории надо получить достоверную информацию,
Waste,отхОды,
Industrial waste,Промышленные отхОды,
Global warming,Глобальное потепление,
Recycling (noun),Переработка,
To recycle (imp),Перерабатывать,
To recycle (per),Переработать,
Green tax,Зелёный налог,
Ecological policy,Экологическая политика,
Emissions,вЫбросы,
Protection of the environment,Защита окружающей среды,
"I don’t consider, that these high levels of consumption create happiness","Я не считаю, что эти высокие уровни потребления создают счастье",
Society should learn to consume less,Общество должно учить потреблять меньше,
Irreversible consequences,Необратимые последствия,
Rubbish,Мусор,
Access (to what?),"Доступ (к чему, кому?)",
I look forward to meeting with them,Я с нетерпением жду встречи с ними,
He is looking forward to meeting with you,он с нетерпением ждет встречи с вами,
He was under big pressure,Он находился под больши давлением,
"We are under pressure, in order to arrive at a decision","Мы находимся под давлением, чтобы прийти к решению",
To threaten (to who? With what?),Угрожать (кому? Чем?),
"Misunderstanding threatening that, that caused damage relationship","Недоразумение угрожает тем, что наносит ущерб отношениям",
Member of parliament,Член парламента,
Civil rights,Гражданские права,
Weapons of Mass Destruction,Оружие массового поражения,
"Violation of the regime of cease fire started, when the enemy shelled roadblocks along the line of defence","Нарушение режима прекращения огня началось, когда враг обстрелял блокпосты по линию обороны",
"People give bribes, in order to survive","Люди дают взятки, чтобы выжить",
When did the theft happen?,когда произошло кража?,
They suffer from stress,Они страдают от стресса,
You suffer from the cold,Ты страдаешь от хОлода,
Currency crises,Валютно-финансовый кризис,
"Possible to consider, that...","Можно рассматривать, что...",
I am ready to consider new idea,Я готов рассмотреть новую идею,
"Message, received on Saturday, caused chaos","Сообщение, полученное в субботу, вызвало хаос",
"He has a car, made in Germany","Он имеет машину, сделанную в Германии",
The newspaper comes out once a week,Газета выходит раз в неделю,
He often looses his temper,Он часто выходит из себя,
Quite far from here,довольно далеко отсюда,
Near to the embassy,рядом с посольством,
Outbreak,Вспышка,
Obesity,Ожирение,
"I would prefer, that do more emphasis on that, how to solve problems","Я буду предпочитаться, чтобы сделался больше упора на то, как решить проблемы",
Undergraduate course,Бакалавриат,
She is under pressure due to this,Она находится под давлением из-за этого,
"They will do it it, under pressure","Они сделают это, находиться под давлением",
I am very grateful for all your advice,я очень благодарен за все ваши советы,
I am looking forward to his response,Я с нетерпением жду его ответа,
"Since then she was under huge pressure, in order to achieve results","с тех пор она находилась под огромным давлением, чтобы достигать результаты",
,Пирог,
,замороженная еда,
We are leaving the office,Мы выходим из офиса,
How to get out of this situation?,как выходить из этой ситуации?,
We don’t consider this in a negative light,Мы не рассматриваем это в негативном свете,
"They are discussing the note, received this morning","Они обсуждают записку, полученную утром",
Relationships were damaged,Отношениям был нанесён ущерб,
She was killed by a rocket strike,Она была убита ракетным ударом,
Bribe,Взятка,
Transnistria,Приднестровье,
You never loose your temper,Вы никогда не выходите из себя,
Who did she marry?,За кого она вышла замуж?,
Investigation will be conducted by police (PPP),Расследование будет проведено полицией,
Attack was planned y terrorists,Нападение было спланировано террористами,
Commonwealth,Содружество,
International right / law,Международное право,
"She assured us in this case, that...","Она заверила нас в данном случае, что...",
They assure her in their honesty,Они заверяют её в их честности,
"You assured him, that it’s not true?","Вы заверили его, что это неправда?",
In the wrong circumstances...,В неправильных обстоятельствах,
In reserve,В запасе,
To mean / signify,Означать,
To restrict / limit (imp),Ограничивать,
To restrict / limit (per),Ограничить,
You are considering the proposal?,Вы рассматриваете предложение?,
You will consider this change?,Вы рассмотрите это изменение?,
"Seen, that China will be the next leader of the world economy","Видно, что Китай будет следующим лидером мировой экономики",
To conduct (PPP),Проведён,
I look forward to conversation about it,я с нетерпением жду разговора об этом,
I am very grateful for your contribution,я очень благодарен за ваш вклад,
Talk / discussion,бесЕда,
One-on-one talk / conversation,БесЕда один на один,
Face to face talk / conversation,Беседа с глазу на глаз,
"He only asserted it, when under pressure","Он только утверждал это, когда находился под давлением",
Only done under pressure,Только сделано под давлением,
You need to trust me,вам нужны доверять мне,
You are not busy now?,Вы сейчас не очень заняты?,
"Since we last met, did you go somewhere on holiday?","С того дня как мы в последний раз встречались, вы ездили куда-нибудь на каникулы?",
To express (imp),Выражать,
To express (per),Выразить,
To carry out / to realise / to exercise (imp),Осуществлять,
To carry out / realise / exercise (per),Осуществить,
What does it mean?,Что это означает?,
He was killed during the riots,Он был убит во время беспорядков,
Meeting was conducted yesterday (PPP),Встреча была проведена вчера,
His choice was limited,Его выбор был ограничен,
Inflammation,Воспаление,
Fever,Жар,
Diabetic,Диабетик,
Much,ГорАздо,
Much more complex,Гораздо сложнее,
Giving / supply,Подача,
Difficulty (noun),Трудность,
Victory,Победа,
Irresponsible (adj),Безответственный,
About external politics,О внешний политике,
Hero,Герой,
Empire,Империя,
Oh god!,О боже,
Competition,Конкуренция,
Threat from what / who?,Угроза от чего / кого?,
‘Possible to endure’,можно терпеть,
Patience,Терпение,
I am very grateful for your help,я очень благодарен за вашу помощь,
I am very grateful for your time today,я очень благодарен за ваше время сегодня,
Proven (PPP),Доказано,
Brain,Мозг,
They are conducting preparations for the visit,они проводят подготовку к визиту,
She can act under pressure?,Она может действовать под давлением,
"If they were not under pressure, then...","если бы они не находились под давлением, тогда...",
To make a proposal (imp),Вносить предложение,
He is carrying out project,Он осуществляет проект,
Government is not carrying out the promised reforms,Правительство не осуществляет обещанные реформы,
Obstacle,Препятствие,
To pay (per),Заплатить,
What discount?,Какая скидка?,
Near to the station,рядом с станцией,
Near Taras Shevchenko park,рядом с парком тарас шевченко,
Round the corner,за углом,
Policy restricts the right to vote,Политика ограничивает права на голосование,
Budget will limit spending,Бюджет ограничит расходы,
How to limit emissions?,Как ограничить вЫбросы?,
Her freedom of movement was restricted,Её свобода передвижения была ограничена,
Law restricts the right to protest,Закон ограничивает права на протест,
Decree restricted right to free speech,Указ ограничил права на свободу слова,
She was killed in an accident,Она была погибла в аварии,
Job interview,Собеседование,
Live broadcast,Прямое эфир,
Society where the difference between the most rich and the most poor people remains small are more healthy and happier,"Общество, где отличие между самыми богатыми и самыми бедным людьми остаётся маленьким больше здорОвое и счастливое",
Lead / have a talk / conversation,Вести / провести беседу,
They are having a talk behind closed doors now,они ведут беседу за закрытыми дверями сейчас,
He expressed regret regarding what happened,"Он выразил сожаление касательно того, что произошло",
"He requested me to express his regret, that he can’t be here","он попросил меня выразить сожаление, что он не может быть здесь",
He decided to stop working with them,Он решил прекратить работать с ними,
Obstacle for cooperation,Препятствие для сотрудничества,
Obstacle for achieving results,Препятствие для достижения результатов,
Local authorities are carrying out a struggle with crime,Местная администрация осуществляет борьбу с преступностью,
She carried out the program,Она осуществляла программу,
"I, with pleasure, look forward to meeting with you again",Я с удовольствием с нетерпением жду встречи с вами снова,
They are looking forward to it,они с нетерпением ждут этого,
Success creates trust,Успех вызывает доверие,
Cordoned off (PPP),Оцеплен,
They carried out their threat,Они осуществили свою угрозу,
They are carrying out preparations  for something.,Они осуществляют подготовку к чему-то,
She is expressing support for them,Она выражает поддержку им,
"He only expressed regret, when under pressure","Он только выразил сожаление, когда он находится под давлением",
Evidence,Доказательство,
Bribery,Взяточничество,
,Сырники,
Private visit,Частный визит,
Alliance,Альянс,
Tension,Напряжённость,
To free / to liberate (imp),Освобождать,
To free / to liberate (per),Освободить,
International security,Международная безопасность,
Heart,сЕрдце,
His confidence creates trust,Его уверенность вызывает доверие,
Her decision does not cause trust in her,Её решение не вызывает доверив к ней,
In agriculture,В сельскомхозяистве,
Real estate,Недвижимость,
"It means, that...","Это означает, что...",
Discussion signified progress,Обсуждение означало прогресс,
Vandalism,Вандализм,
Their actions express support for the separatists,Их действия выражают поддержку сепаратистам,
They expressed their support for Ukraine,Они выразили свою поддержку Украине,
He is ceasing negotiations,Он прекращает переговоры,
Russia stopped supply of gas,Россия прекратила подачу газа,
I have been looking forward to meeting with you,Я с нетерпением ждал встречи с вами,
I have been looking forward to this,Я с нетерпением ждал этого,
Situation / setting,Обстановка,
Military alliance,Военный альянс,
Constant (adj),Постоянный,
Flexible,Гибкий,
What is the readership of this newspaper?,Какая читательская аудитория этой газеты?,
What is the viewership of this program?,Какая зрительская аудитория этой программы?,
Policy will be conducted into life next year (PPP),Политика будет проведено в жизнь в следующем году,
Blackmail was planned,Шантаж был спланирован,
"Area already cordoned off, when I went passed it","Место уже было оцеплено, когда я проходил мимо этого",
"It has not been proved, what happened","не было доказано, что произошло",
Obstacle for progress,Препятствие для прогресса,
Obstacle in our path,Препятствие на нашем пути,
How do we build trust between each other?,Как мы вызываем доверие между друг другом,
Her expertise creates confidence,Её экспертиза вызывает уверенность,
Political situation,Политическая обстановка,
Diplomatic relations,Дипломатические отношения,
Wounded (adj),Раненый,
Volunteer soldiers,Добровольцы,
,Тарелка,
We need to limit the possible consequences,Нам надо ограничить возможные последствия,
They are restricting access to information,Они ограничивают доступ к информации,
Restrict / limit (PPP),Ограничен,
They aren’t exercising their influence,Они не осуществляют своё влияние,
You are carrying out the plan?,Вы осуществляете план?,
I will have a one to one talk with him,я проведу беседу один на один с ним,
We can’t have this conversation on the telephone,мы не можем вести беседу по телефону,
Losses signified the end of the company,Убытки означают конец компании,
"It still does not mean, that","это ещё не означает, что",
Insurance,страхОвая,
He got ill with leukaemia,Он заболел лейкемией,
He received the best treatment for the duration of six months,Он получил лучшее лечение в течение шести месяцев,
He was killed by an explosion,Он был убит взрывом,
Area of the catastrophe was cordoned off during investigation,Место катастрофы оцеплено в ходе расследование,
Guilt will be proved,Вина будет доказана,
,Судья,
Boxing,Бокс,
Near to the stadium,Рядом с стадионом,
Power / state,ДержАва,
Tense relations,Напряжённые отношения,
Main events,Главные события,
Current events,Текущие события,
Death penalty,Смертная Казань,
Drug trafficking,Наркобизнес,
Protection racket,Рэкет,
Racketeer / gangster,Рэкетир,
Happy (adj),Счастливый,
Autonomous,автонОмный,
Norway,НорвЕгия,
Pacific Ocean,Тихий океан,
,Стакан,
"Thank you, everything was very tasty","Спасибо, всё было очень вкусно!",
To express support (imp),Выражать поддержку,
They expressed their support to maintain the territorial integrity of Ukraine,Они выразили свою поддержку сохранению территориальной целостности Украины,
Brief visit,Краткий визит,
In the Kerch Straight,в керченским проливе,
From the park to the bridge,с парка до моста,
Skier,лыжник,
Ski boots,лыжные ботинки,
,анорак,
She stopped the investigation,Она прекратила расследование,
Russia will stop interference in affairs of other countries,Россия прекратит вмешательство в дело других стран,
Obstacle for what?,препятствие для чего?,
Obstacle on the path of what?,препятствие на пути чего?,
Stroke,Инсульт,
Leukaemia,Лейкемия,
Plastic (noun),Пластик,
Useless,Бесполезный,
Hungary,Венгрия,
Across the country,по всей стране,
Borderline / boundary,Рубеж,
"Unlikely, that she will carry out the threat","Маловероятно, что она осуществит угрозу",
You will realise your goals?,Вы осуществите свои цели?,
USA is limited trade,США ограничивают торговлю,
To limit the illegal traffic of weapons,Ограничить незаконный транспорт оружия,
To restrict / limit import (of what?),Ограничить импорт (чего?),
Was an outburst of infection,Была вспышка заражении,
Drug addiction,Наркомания,
,Морепродукты,
,Груша,
With what way to stop the war?,каким способом прекратить войну?,
They are stopping to pay salary to him,Они прекращают платить ему зарплату,
Murder,убИйство,
Victim (still alive),Пострадавший,
To make a proposal (per),Внести предложение,
He made a suggestion to reduce problem of money laundering,Он внёс предложение уменьшить последствие проблемы отмывания денег,
The last twenty years have occurred a struggle for power in British politics about exiting from the EU,За последние двадцать лет происходит борьба за власть в британской политике о выходе из ЕС,
"They tried to free the hostages, but without success","Они пытались освободить заложников, но без успешно",
They will free the hostages today,Они освободят заложников сегодня,
Robbery,Ограбление,
To express regret (per),Выразить сожаление,
"We would like to express our regret, that in this situation we cannot help","Мы хотели бы выразить сожаление, что в этой ситуации мы не можем помочь",
To free hostages,Освободить заложников,
They create trust with their honesty,Они вызывают доверие своей честностью,
"Their trust towards him is higher, than ever before","Их доверие к нему выше, чем когда-либо прежде",
Talk behind closed doors,БесЕда за закрытыми дверями,
Talk / conversation on the phone,Беседа по телефону,
They are making a proposal to plan a visit,"Они вносят предложение о том, чтобы намечать визит",
"I am making a proposal, that we meet more often","Я вношу предложение, чтобы мы встречались более чаще",
We would prefer to have a conversation face to face,Мы бы предпочли провести беседу с глазу на глаз,
He is having a business conversation,он ведёт деловую беседу,
Cold,Холод,
I am carrying / wearing (imp) (uni),Я ношу,
He is carrying / wearing (imp) (uni),Он носит,
I went skiing in France,я катался на лыжах во Франции,
I haven’t skied for a few years,Я не катался на лыжах в течение нескольких лет,
A lot of people evade paying taxes,много людей уклоняется от уплаты налогов,
For a long time he avoided paying taxes,долго он уклонялся от уплаты налогов,
He raised the age of retirement,он повысил возраст выхода на пенсию,
"I’m particular, I worry, that...","в частности, я переживаю, что...",
"In particular, he worries that...","в частности, он переживает, что...",
We would prefer...,Мы бы предпочли,
"We don’t know, what this means for the future","Мы не знаем, что это означает для будущего",
"Their participation signifies, that progress can go","Их участие означает, что прогресс может идти",
Criminal world,Преступный мир,
Nightmare / what a mess,кошмА,
Theft of cars,кража автомобилей,
Theft of property,кража имущества,
Chairman,Председатель,
His self-confidence does not create trust towards him,Его самоуверенность не вызывает доверие к нему,
Their trust towards us is low,Их доверие к нам низкое,
"Was proven, that they did it","Было доказано, что они сделали это",
Partial (adj),Частичный,
They cannot afford,Они не могут позволить себе,
Stop it!,перестайте!,
To outline / plan (imp),Намечать,
To outline / plan (per),намЕтить,
I will outline / plan (per),Я намечу...,
They will outline / plan (per),Они наметят,
He outlined (per),Он наметил,
Obstacle on the path of peace,Препятствие на пути мира,
Obstacle on the path of the plan,Препятствие на пути плана,
That’s too expensive,Это слишком дорого,
They will be punished,они будут наказаны,
She was already punished,она уже была наказана,
Corrupt (adj),Коррумпированный,
Struggle with crime,Борьба с преступностью,
Follower(s),Подписчик (-и),
Important events,Важные события,
Events of the day,События дня,
Protection of nature,Охрана природны,
Assistant,Помощник,
It was planned long ago,Это было спланировано давно,
"Case will prove, that it is not important","Дело будет доказано, что оно не важно",
The population will decrease at the expense of people of working age,Население будет уменьшаться за счёт людей трудоспособного возраста,
Single-sex marriage,Однополый брак,
Involvement,Вовлечение,
Clarification,Выяснение,
Description,Описание,
Reduction,Сокращение,
Decline / lowering / sinking,Снижение,
"Trouble in that, that...","Беда в том, что...",
"Thanks to that, that...","Благодаря тому, что...",
Despite the fact that...,"Несмотря на то, что...",
"Due to that, that...","Из-за того, что...",
"In connection with that, that...","В связи с тем, что...",
People of working age,люди трудоспособного возраста,
Over the last few weeks/months,За последнее время,
In the immediate future...,В ближайшем будущем,
First of all...,Прежде всего....,
Strategic Arms,Стратегические вооружения,
Terrorists did not free the hostages,Террористы не освободили заложников,
They liberated the country,Они освободили страну,
He does not have the patience for that.,он не имеет терпение на это,
She lost her patience,она потеряла терпение,
This work demands patience,эта работа требует терпение,
To lose patience (per),Потерять терпение,
My patience is ending,Моё терпение кончается,
Duty on import,Пошлина на импорт,
Trade barriers,торговые препятствия,
To attract spectators,Привлекать зрителей,
Business discussion,Деловая беседа,
They suffered from injustice,Они страдали от несправедливости,
Smuggler,Контрабандист,
Fraud,мошЕнничество,
Deception,обмАн,
As for me...,Как по мне...,
Detainee,Задержанный,
Judging by what happened...,судя по тому что произошло...,
Violent crime,Преступление с применением насилия,
Pregnancy,БерЕменность,
Transplant,Пересадка,
Trapped nerve,Зажатый нерв,
Pleasant,Приятный,
Injustice,НесправедлИвость,
From our point of view...,с нашей точки зрения,
From his point of view...,С его точки зрения ...,
From the point of view of the government...,С точки зрения правительства...,
Assassination attempt,Покушение,
They were killed as a result of small arms fire,Они были убиты результаты ружейной стрельбой,
Poll was conducted by newspaper (PPP),Опрос был проведён газетой,
Our arrival will be planned tomorrow,Наше прибытие будет спланировано завтра,
Narcotic / drug,Наркотик,
Drug addict,Наркоман,
Counterfeit (adj),Поддельный,
Pregnant (adj),Беременная,
Divorce,Развод,
Pregnant woman,беременная женщина,
Mother-in-law (husbands mother),Свекровь (f),
Mother-in-law (Wife’s mother),Тёща,
Overseas (adj),Зарубежный,
Audience,Аудитория,
Screen,Экран,
Latest news,Последние новости,
To speak out (imp),Высказываться (за или против),
To speak out (per),Высказаться (за или против),
Search was conducted unsuccessfully,Поиск был проведён безуспешно,
Area will be cordoned off soon,Место будет оцеплено скоро,
Maternity leave,Декретный отпуск,
Unequal society society creates social problems,Неравноправное общество создаёт социальные проблемы,
To endure (imp),Терпеть,
To endure (per),Потерпеть,
To exert influence (imp) (on what?),Оказывать влияние на что?,
To exert influence (per) (on what?),Оказать влияние на что?,
Breaking news,Новость дня,
Political news,Политические новости,
Recent relevant events,Актуальные события,
He is exerting influence on the process,Он оказывает влияние на процесс,
"I will exert influence on that, that I can","Я окажу влияние на то, что я могу",
I do not endure him,Я не терплю его,
To render attention (imp),Оказывать внимание,
To show attention (per),Оказать внимание,
Generally...,В общем..,
To exert pressure (imp),Оказывать давление,
To exert pressure (per),Оказать давление,
Few people go to church,Мало людей ходит в церковь,
To set / to give (imp),Задавать,
To set / to give (per),Задать,
To give / exert help (imp),Оказывать помощь,
To give / exert help (per),Оказать помощь,
To fix / set / appoint (imp),Назначать,
To fix / set / appoint (per),Назначить,
Fix / set / appoint (PPP),Назначено,
Supervisor,курАтор,
Report,Доклад,
To distract (imp),"Отвлекать (кого, от чего?)",
To distract (per),"Отвлечь (кого, от чего?)",
To involve / draw in (imp),Вовлекать (в что?),
To involve / draw in (per),Вовлечь (в что?),
I am showing attention to you,Я оказываю внимание вам,
Can I set to you a question?,Можно задать вам вопрос?,
Mood / temper,Настроение,
Surprisingly (adv),Удивительно,
It will give help to him,Это окажет помощь ему,
We will not exert influence on the election campaign,Мы не окажем влияние на предвыборную компанию,
It is distracting attention from more serious issues,Это отвлекает внимание от более серьёзных вопросов,
To speak (imp),Выступать,
To speak (per),Выступить,
Our actions will set the tone for the future,Наши действия зададут тон для будущего,
You can exert influence on him?,Вы можете оказывать влияние на него?,
They will exert influence on the competition,Они окажут влияние на конкуренцию,
I will distract her attention,Я отвлеку её внимание,
She will be distracted,Она будет отвлечена,
They are involving him in corruption,Они вовлекают его в коррупцию,
Fighters were not involved in the war crimes,Боевики не вовлечены в военные преступления,
To act as (imp),Выступать чем?,
To act as (per),Выступить чем?,
They involved him in drug trafficking,Они вовлекли его в наркобизнес,
We should involve them in the dialogue,Мы должны вовлечь их в диалог,
To complete (imp),Завершать,
To complete (per),Завершить,
Foreign currency,Иностранная валюта,
Foreign investors,иностранные инвесторов,
They will set questions to the detainees,Они зададут вопросы задержанным,
In the first meeting his behaviour set the tone for the whole relationship,На первой встрече его поведение задало тон в целом отношениям,
G8,Большой восьмёрки,
In the world economy,В мировой экономике,
Unexpected (adj),Неожиданный,
Unexpectedly (adv),Неожиданно,
Mortgage,ипотЕка,
Remember!,Помните!,
Wholeness / integrity (noun),Цельность,
Criminal record,Судимость,
Conflict of interests,Конфликт интересов,
Discussion distracted us from key problems,Обсуждение отвлеки нас от главных проблем,
Distracted (PPP),Отвлечён,
She was not involved in the decision,Она не была вовлечена в решение,
I liked it,Мне понравился это,
She liked it,Ей понравилась,
You will like it,вам будете нравиться,
I hope that we will like it,"я надеюсь, что нам будем нравится",
I wish...,я желаю...,
I will give...,я дам...,
They will give...,Они дадут...,
He will give...,Он даст...,
Describe what you saw,Опишите что вы видели,
He will distract you,Он отвлечёт вас,
Chairman exerted pressure on assistant,Председатель оказывал давление помощника,
Current events are exerting pressure on situation in Transnistria,Текущие события оказывают давление на обстановку в Приднестровье,
Voters were set an impossible question,Избиратели были заданы невозможный вопрос,
To set / give (PPP),Задано,
They will show attention to us,Они окажут внимание нам,
Rebellion,Бунт,
These factors will distract attention from his mistakes,Эти факторы отвлекут внимание от его ошибок,
He was distracted,он был отвлечён,
They have endured enough,Они потерпели достаточно,
They will endure a loss in the election,Они потерпят поражение на выборах,
I am completing the process of negotiations,Я завершаю процесс переговоров,
"Your answers completed the description of that, that happened","Ваши ответы завершили описание того, что произошло",
He still has not set the election,Он всё ещё не назначает выборы,
We need to set time for the meeting,Нам надо назначить время на встречу,
Advantage,преимущество,
Loss of access (to what?),потеря доступа (к чему?),
He was appointed to the post,Он был назначен на должность,
Who will be appointed as ambassador?,Кто будет назначено послом?,
They endured a defeat,Они потерпели поражение,
Dictatorship,Диктатура,
Authoritarian (adj),Авторитарный,
He does not endure criticism,Он не терпит критики,
Their support gave help to me,Их поддержка оказала помощь мне,
"It will distract from that, that we are trying to achieve","Это отвлечёт от того, чего мы пытаемся достичь",
Hopeless,Безнадёжный,
Attractive,Привлекательный,
Decent (adj),Приличный,
Equality,Равенство,
Women’s rights,Права женщин,
To caution (from smth) (imp),Предостерегать (от чего?),
To caution (from smth) (per),Предостеречь (от чего?),
Criminal organisation,Криминальная структура,
To describe (imp),Описывать,
To describe (per),Описать,
New regulations will give help to government employees,Новые регулирования окажут помощь чиновникам,
She does not ensure the city,Она не терпит город,
We don’t want to distract his attention,Мы не хотим отвлекать его внимание,
Political alliance,Политический альянс,
Opposition,Оппозиция,
Benefit / advantage,Выгода,
Profitably,Выгодно,
"Inflation is growing quicker than average wages, therefore people simply can afford less","Инфляция растёт быстрее чем средняя зарплата, поэтому люди просто могут позволить себе меньше",
Accountant involved her in fraud,Бухгалтер вовлекал её  в мошЕнничество,
Involved (PPP),Вовлечён,
We cautioned you against this,Мы предостерегли вас от этого,
He will caution her from this,Он предостерёг её от этого,
"She is cautioning against that, that we change the plan","Она предостерегает от того, что мы меняем план",
Speaking as a government employee...,Я выступаю в качестве чиновника,
This case will involve you in danger,Это дела вовлечёт вас в опасность,
We will involve you in the talk,Мы вовлечём вас в беседу,
To join (process or person) (imp),Присоединяться,
To join (process or someone) (per),"Присоединиться (к кому, к чему?)",
When will you complete the project?,Когда вы завершите проект?,
Impossible to complete this conflict,Нельзя завершить этот конфликт,
I am cautioning him against the risk,Я предостерегаю его от риска,
She described the smuggler,Она описала контрабандиста,
He described his family,Он описал свою семью,
We will complete the talk now,Мы завершим беседу сейчас,
He described where it is,Он описал где это,
"They described, how the country changed over the last thirty years","Они описали, как страна менялась за последние тридцать лет",
Can I join you?,Можно присоединиться к вам?,
Do you think that Ukraine will join the EU?,"Вы думаете, что Украина присоединится к ЕС?",
The most serious problem in the world today is climate change,Самой серьёзной проблемой в мире сегодня является изменение климата,
Plastic (adj),Пластиковый,
"Unfortunately, the shooting will be forgotten",К сожалению стрельба будет забыта,
Reaction was not planned,Реакция не была спланирована,
Street was cordoned off by special services,Улица была оцеплена спецслужбами,
You mentioned something...,Вы затронули что-то ...,
I am joining their plan,Я присоединяюсь к их плану,
I will join you later,я присоединюсь к вам позже,
To devote time (imp),Уделять время,
To devote time (per),Уделить время,
"In your place, I would do the same","На вашем месте, я бы сделал так же",
Chairman is playing a big role in bribery,Председатель играет большую роль в взяточничестве,
Financial system is paying more attention to fraud,Финансовая система уделяет больше внимания мошенничеству,
This process is a result of decreasing pay and increasing inflation,Этот процесс в результате сокращения зарплаты и повышения инфляции,
What do we want to achieve?,чего мы хотим достичь?,
"If I could, of course I would go there","Если бы я мог, конечно я бы ходил туда",
To speak in defence (of?) (imp),Выступать в защиту (чего? Кого?),
To speak in defence (of?) (per),Выступить в защиту (чего? Кого),
It is necessary / required,Необходим,
We should join him now,Мы должны присоединиться к ему сейчас,
Russia joined the negotiations,Россия присоединилась к переговорам,
All these factors played an important role in the decision,Все эти факторы играли важную роль в решение,
Volume of what?,Объём чего?,
By volume of what?,По объёму чего?,
China is becoming a world power,Китай становится мировой державой,
Romania,Румыния,
,кревЕтки,
Near to the school,рядом со школой,
To pay attention (imp),Уделять внимание,
To pay attention (per),Уделить внимание,
They cautioned us from danger,Они предостерегли нас от опасности,
They are cautioning from too quickly taking a decision,Они предостерегают от слишком быстрого принятия решение,
They will join us after the meeting,Они присоединятся к нам после встречи,
When will they join us?,когда они присоединятся к нам?,
To be faced with / to collide with (imp),Сталкиваться,
To be faced with / to collide with (per),Столкнуться,
It is necessary to find evidence,Необходимо найти доказательство,
"Surprisingly, they are playing a decisive role in our success","Удивительно, они играют решающую роль в нашем успехе",
"If I knew, I would tell you","Если бы я знал, я бы сказал вам",
"If I had a ticket, I would go","Если бы у меня было билет, я бы пошёл",
She pays attention to herself,Она уделяет всё внимание себе,
I will devote time to it tomorrow,Я уделю время этому завтра,
I am faced with difficulties,Я сталкиваюсь с трудностями,
Government is faced with a lot of problems,Правительство сталкивается с многими проблемами,
I would like to clarify some points...,я хотел бы уточнить некоторые моменты...,
The worst thing...,Самое худшее,
At the highest level,На высшем уровне,
Built on the basis of mutual understanding,Строится на основе взаимопонимания,
Built on the basis of trust,Строится на основе доверия,
,Очередь,
I hoped that...,"я надеялся, что...",
A lot of vocabulary,Много лексик,
I was in Kiev from the end of September to mid December,я был в Киеве с конца сентября до серединного декабря,
They are afraid,Они боятся,
They will meet,Они встретятся,
They are meeting,Они встречаются,
I will meet...,я встречусь...,
He never pays attention to me,Он никогда не уделяет внимание мне,
I pay attention to daily news,Я уделяю внимание новостям дня,
Ukraine is faced with a threat,Украина сталкивается с угрозой,
They will be faced with a difficult task,Они столкнутся с трудной задачей,
We are paying more attention to conservation,Мы уделяем больше внимания охране природы,
Police will pay more attention to violent crime,Полиция уделит больше внимания преступлению с применением насилия,
Clarification is necessary,Необходимо выяснение,
There were many reasons,было много причин,
There are many reasons,Есть много причин,
He was sentenced to thirteen years of prison,он был приговорён к тринадцати годам тюрьмы.,
For state treason,за государственную измену,
Annual volume of production,Годовой объём производства,
This newspaper has a more conservative readership,У газеты есть более консервативная читательская аудитория,
This newspaper has a more liberal readership,У газеты есть более либеральная  читательская аудитория,
On the wall / page (social media),На стена,
Sinking volume of production,Снижение объёмов производства,
Total volume of expenses,Общий объём расходов,
Clear goal is necessary,Необходима ясная цель,
It will be necessary to improve,Необходимо будет улучшение,
"If I had been there, I would have helped","Если бы я был там, я бы помог",
"If I was Ukrainian, I would feel the same","Если бы я был украинцем, я бы чувствовал себя так же",
What are you working on?,над чем вы работаете?,
I will work on domestic political issues,я буду работать над внутренними политическими вопросами,
Traditional prejudices,Традиционные предрассудки,
"He thinks, that he can play an important role in this","Он думает, что он может играть важную роль в этом",
He played a decisive role in the project,Он играл решающую роль в проекте,
To speak in quality (of) (imp),"Выступать в качестве (чего, кого?)",
To speak in quality (of) (per),"Выступить в качестве (чего, кого)",
To influence (imp),Влиять (на что?),
To influence (per),Повлиять (на что),
Atheism,Атеизм,
Fanaticism,Фанатизм,
Tense situation,Напряжённая обстановка,
Moderation,Умеренность,
You are faced with criticism?,Вы сталкиваетесь с критикой?,
To be faced with recession (per),Столкнуться с рецессией,
To give up / abandon / throw (imp),Бросать,
To give up / abandon / throw (per),Бросить,
To play a role (in what?),Играть роль (в чём?),
Hike,Прогулка,
It will be fun!,будет вЕсело!,
Patience is needed,Необходимо терпение,
Similar to what?,Похоже на что?,
Plan is necessary,Необходим план,
Which role are USA playing in negotiations?,Какую роль США играют в переговорах,
Which role will you play in the meeting?,Какую роль вы будете играть на встрече?,
"If I had time, I would come","Если бы у меня было время, я бы пришёл",
To inflict a blow (imp),Наносит удар (по чему кому?),
To inflict a blow (per),Нанести удар (по кому чему?),
To throw a challenge (imp),Бросать вызов,
To throw a challenge (per),Бросить вызов,
I am influencing him,Я влияю на него,
Decree of the president will influence the overseas situation,Указ президента повлияет на зарубежную обстановку,
"If they hadn’t promised everything, it would not have happened","Если бы они не пообещали всё, это не произошло",
Insurance is necessary,Необходима страховка,
The discussion was necessary,Необходимо было обсуждение,
He simply is striking a retaliatory blow on opponents,Он просто наносит ответный удар по противникам,
Attack inflicted a blow to the heart of the country,Нападение нанесло удар по сердцу страны,
Volume of data,Объём данных,
To differ (from what?) (imp),Отличаться (от чего?),
It is different from the past,Это отличается от прошлого,
We are faced with a problem,Мы сталкиваемся с проблемой,
World economy is faced with serious problems,Мировая экономика сталкивается с серьёзными проблемами,
He will be faced with financial problems,Он столкнётся с финансовыми проблемами,
"It is similar to that, that was before","Это похоже на то, что было прежде",
She gave up work,Она бросила работу,
Profitable / beneficial (adj),Выгодный,
I am treating you,Я угощаю!,
He is influencing customers,Он влияет на покупателей,
Situation influenced shipping,Обстановка повлияла на судоходство,
"If they understood, situation would differ","Если бы они понимали, ситуация отличалась бы",
"If my dad was alive, he would have liked it","Если бы мой папа были живо, ему бы это понравилось",
On TV,По телевидению,
To speak in support (of?) (imp),Выступать в поддержку (чего? Кого?),
To speak in support (of?) (per),Выступить в поддержку (чего? Кого?),
App,Приложение,
Multi-children family,многодетная семья,
That’s not what I’m looking for,"Это не то, что мне надо",
Have you given up smoking?,Вы бросили курить?,
They are influencing the discussion,Они влияют на обсуждение,
She is influencing internal politics,Она влияет на внутреннюю политику,
"All this gossip is similar to that, that we always hear","Все эти сплетни похожи на то, что мы всегда слышим",
Counterfeit currency is similar to that that he used before,"Поддельная валюта похожа на то, что он использовал раньше",
Bombardment / fire,Обстрел,
Peacekeepers,Миротворцы,
Break-away republic,Непризнанная республика,
Military actions / hostilities,Военные действия,
"It differed from that, that I expected","Это отличалось от того, что я ожидал",
Decision will inflict a blow on bribery,Решение нанесёт удар по взяточничеству,
Militia inflicted a blow to the combined forces,Ополченцы нанесли удар по объединённым силам,
Volume of industrial production,Объём промышленного производства,
Total volume of finance,Общий объём финансирования,
I am acting as interpreter,Я выступаю переводчиком,
Speaking as a diplomat...,Я выступаю в качестве дипломата,
"Situation is similar to that, that we saw in Romania","Ситуация похожа на ту, что мы видели в Румынии",
Level of obesity is similar to level in USA,Уровень ожирения похож на уровень в США,
For the protection of their own health,Для защиты собственного здоровья,
State investments,Государственные инвестиции,
I gave up smoking,Я бросал курить,
He is trying to give up smoking,он пытается бросать курить,
I’m concerned that the situation is becoming worse,"я переживаю, что ситуация становится хуже",
I’m concerned that the situation will become worse,"я переживаю, что ситуация станет хуже",
Unavoidable,Неизбежно,
Simultaneously,Одновременно,
I suppose that,"Я предполагаю, что",
When you say... what do you mean?,Когда вы говорите это... что вы имеете в виду?,
Permanent representative,Постоянный представитель,
How does it differ from that?,Как это отличается от этого?,
System of education in Ukraine differs from the system in Russia,Система образования в Украине отличается от системы в России,
Big traffic jam,большая пробка,
To make a speech (imp),Выступать с речью,
To make a speech (per),Выступить с речью,
To receive a wound,Получить ранения,
Reliable data on victims of the catastrophe not yet available,Достоверные данные о жертвах катастрофы пока недоступно,
Virus,Вирус,
To force / compel (imp),Заставлять,
To force / compel (per),Заставить,
To cancel / revoke (imp),Отменять,
To cancel / revoke (per),Отменить,
Would you like anything else?,Вы хотели бы что-нибудь ещё?,
You have a reserved table?,у вас заказан столик?,
Slavic,Славянский,
,СвинИна,
Entrepreneur/ owner,Предприниматель,
Investments are necessary,необходимы инвестиции,
Close cooperation,Тесное сотрудничество,
Development of relations with local officials and other foreign diplomats,Развитие отношений с местными чиновниками и с другими иностранными дипломатами,
Violation of human rights,Нарушение права человека,
Authoritarianism,Авторитаризм,
These strikes differed from previous strikes,Эти удары отличались от предыдущих ударов,
This outbreak differs from previous infections,Эта вспышка отличается от предыдущего заражений,
Right to vote,Право гОлоса,
He was forced to act,Его заставили действовать,
"most of all, it forces us to consider other ideas","больше всего, это заставляет нас рассматривать другие идеи",
Headquarters will cancel the order,Штаб отменит приказ,
He will cancel my decision,Он отменит моё решение,
Prejudice,Предрассудок,
Inspection / survey (of what?) / test (in hospital),Обследование,
Procedure,Процедура,
I had measles in childhood,Я болел корю в действие,
Way / manner,спОсоб,
Misunderstanding inflicted a blow to his confidence,Недоразумение нанесло удар по его уверенности,
Underestimate inflicted a blow to the relationship,Недооценка нанесла удар по отношению,
Much better,Гораздо лучше,
Everybody is throwing accusations at one another,Все бросает обвинения друг другу,
They give up school early,Они бросают школу рано,
He is younger than me,"он моложе, чем я",
I am older than him,"Я старше, чем он",
They are challenging the House of Commons,Они бросают вызов палате общин,
Fear,Страх,
Confidence,Уверенность,
Consider my proposal,Подумайте над моим предложением,
We need to cease production of such a lot of waste and rubbish,Нам надо прекращать производить так много отходов и мусора,
I am not forcing him to do it,Я не заставляю его делать это,
She forced the troops to withdraw from the area,Она заставила отвести войска из места,
To strike an enemy,Нанести удар по противнику,
They gave up education at 16,они бросили образование во возрасте 16-и лет,
She deserted her husband,Она бросила мужа,
Could you say it to me?,Не могли бы вы сказать это мне?,
In terms of state corruption,По коррупции государства,
Russia borders with 16 states,Россия граничит с шестнадцатью государствами,
We should take into account,мы должны принять с учетом,
Honesty,Честность,
She was happy,она была счастлива,
Cancel (PPP),Отменено,
Meeting was cancelled,Встреча была отменена,
Job interview was cancelled,Собеседование было отменено,
To resist / to withstand (imp) (to what?),Противостоять (чему?),
Do you not have a smaller one? (About cash / notes),а мельче у вас нет?,
Law was cancelled,Закон был отменён,
To deploy (troops),Дислоцировать,
To provide for (imp),Обеспечивать,
To provide for (per),Обеспечить,
Much worse,Гораздо хуже,
He is resisting us,Он противостоит нам,
They resisted the invasion,Они противостояли вторжению,
How to provide security in this situation?,Как обеспечить безопасность в этой ситуации?,
Alliance provides security and confidence to members,Альянс обеспечивает безопасность и уверенность членам,
Much richer,Гораздо богаче,
Circumstances are forcing us to abandon the plan,Обстоятельства заставляют нас бросать план,
It’s impossible to force disarmament,нельзя заставить разоружение,
To attack (per),"Напасть (на + чего, кого)",
These changes provide the conditions for our plan to work,Эти изменения обеспечили условия для нашего плана работать,
Party is not providing support to the government,Партия не обеспечивает поддержку правительству,
They are cancelling our plans,Они отменяют наши планы,
She cancelled leave,Она отменила отпуск,
Conductor (bus/train),Кондуктор,
Much less,Гораздо менее,
Much faster,Гораздо быстрее,
They are forcing Russia to conduct negotiations,Они заставляют Россию проводить переговоры,
Treasury is forcing people to pay higher taxes,казна заставляет людей платить выше налог,
They will cancel the attempt,Они отменят попытку,
Play was cancelled,Пьеса была отменена,
To strengthen relations,Укреплять / укрепить отношения,
To strengthen cooperation,Укреплять / укрепить сотрудничество,
They resisted ISIL alone,Они противостояли ИГИЛ одни,
He is resisting the implementation of policy,Он противостоит осуществлению политики,
State should provide prosperity,Государство должно обеспечивать благосостояние,
You will provide support?,Вы обеспечите поддержку?,
In the army there is the problem of illiteracy amongst soldiers,В армии есть проблема неграмотности среди солдат,
We have access towards large quantity of information,У нас есть дОступ к большому количеству информации,
Areas of cooperation,Направления сотрудничества,
To admit / acknowledge (imp),Признавать,
To admit / acknowledge (per),Признать,
There are less NATO troops deployed in Europe,Есть меньше войска НАТО дислоцируют в Европе,
Deployed (PPP),Дислоцирован,
Membership,Членство,
Circumstances will force us to take responsibility on ourselves,обстоятельства заставят нас брать ответственности на себя,
They were forced to undertake reforms,Их заставили предпринимать реформы,
Russia continues to deploy troops towards the border,Россия продолжает дислоцировать войска к границе,
NATO deployed troops in the Baltics,НАТО дислоцировал войска в Прибалтику,
Self-confidence,Уверенность в себе,
He does not recognise her authority,Он не признаёт её авторитет,
"I acknowledge, that you have a different point of view","Я признаю, что у вас есть разная точка зрения",
She acknowledged her guilt in fraud,Она признала свою вину в мошенничестве,
She never acknowledges her mistakes,Она никогда не признаёт свои ошибки,
Mercenaries are resisting disarmament,Наёмники противостоят разоружению,
Countries of the near abroad are resisting Russian aggression,Страны ближнего зарубежа противостоят русской агрессии,
To strive for (imp),Стремиться (к чему?),
I acknowledge the significance of this,Я признаю значение этого,
They are not recognising the significance of your proposal,Они не признают значение вашего предложения,
World (adj),Мировой,
"Let’s acknowledge, it’s much worse now!",Давайте признаём это гораздо хуже сейчас,
"They never acknowledge their guilt in that, that country suffers from corruption","Они никогда не признают свою вину в том, что страна страдает от коррупции",
You forced us to wait for you,Вы заставили нас ждать себя,
tense situation makes them pay attention to what will happen,"напряжённая обстановка заставляет их уделять внимание тому, что произойдёт",
To aspire to (imp),Стремится (+ inf),
"I didn’t understand, until we talked about it","Я не понял, до тех пор мы говорили об этом",
We acknowledge our mistake,Мы признаём свою ошибку,
You admit your responsibility in this?,Вы признаёте свою ответственность за это?,
Rada is revoking the law,Рада отменяет закон,
Tax was revoked,Налог был отменён,
I had confidence (in what?),У меня была уверенность (в чём?),
Until now,До сих пор,
Spreading / expansion / proliferation,Распространение,
Spread of conflict to the whole region,Распространение конфликта на весь регион,
To last (imp),Длиться,
To last (per),Продлиться,
"Hard to predict, if they will resist the attack","Трудно предсказать, будут ли они противостоять нападению",
Trump deployed troops along the border,Трамп дислоцировал войска по границе,
We will provide security,Мы обеспечим безопасность,
Consequences will last years,Последствие продлятся годы,
Until now I hoped that we would find an appropriate solution,"До сих пор я наделялся, что мы найдём уместное решение",
He is in need of money,Он нуждается в деньгах,
We must resist the temptation to act,Мы должны противостоять искушению действовать,
Russia and many Russians do not recognise the right of Ukraine to chose her future,Россия и много россиян не признают право Украины выбирать её будущее,
To be in need (of),Нуждаться (в чём?),
She is in need of nothing,Она ни в чём не нуждается,
I am aspiring to speak better Russian,Я стремлюсь говорить лучше по русски,
We will acknowledge his commitment in the project,Мы признаем его обязательство в проекте,
Spread of appropriate information,Распространение уместной информации,
Combat readiness,Боеготовность,
It is the price of success,Это цена успеха,
I was disappointed,я был разочарован,
They were disappointed,они были разочарованы,
She was disappointed,она была разочарована,
You are disappointed?,Вы разочарованы?,
You will be disappointed,вы будете разочарованы,
It seems you forgot...,Похоже вы забыли,
It seems it doesn’t work...,Похоже не работает,
Russia does not provide security and stability in the near abroad,Россия не обеспечивает безопасность и стабильность в ближнем зарубежье,
We are striving to clarification of the situation,Мы стремимся к выяснению ситуации,
"I don’t know, whether they are in need of anything","Я не знаю, нуждаются ли они в чём-нибудь",
Meeting lasted the whole day,Встреча длилась все день,
Concern (noun),обеспокОенность,
Wide spread,Широкое распространение,
Testing / checking,Проверка,
They are striving for reduction of corruption,Они стремятся к сокращению коррупции,
We are in need of help,Мы нуждаемся в помощи,
Right to life,Право на жизнь,
Right to free movement,право на свободное передвижение,
Right to judicial protection,право на судебную защиту,
Freedom of thought,свобода мысли,
Freedom of religion,свобода религии,
Freedom of speech,свобода слова,
Freedom of expression,свобода выражения,
Extrajudicial killings,внесудебные расправы,
Disappearance,исчезновение,
Not at all,не вообще,
"It led to the fact, that...","это привело к тому, что...",
We should acknowledge the reality of the situation,Мы должны признавать реальность ситуации,
"We are striving to that, in order to understand the situation much better","Мы стремимся к тому, чтобы понимать ситуацию гораздо лучше",
System of government is in need of reform,Система правления нуждается в реформировании,
Until now she was happy that the circumstances were improving,"До сих пор она была счастлива, что обстоятельства улучшались",
How long will it last?,как долго продлится?,
Spread of disease,Распространение заболевания,
I had concerns,у меня были обеспокоенности,
We speak in support of internal reforms,Мы выступаем в поддержке внутренних реформ,
I am concerned,я обеспокоен,
I would prefer...,Я буду предпочитаться...,
Value / importance,Ценность,
Significance,Значение,
Complaint,жАлоба,
USA and its allies are not recognising him as the legal president,США и их союзники не признают его законным президентом,
"It depends on that, that you think","это зависит от того, что вы думаете",
He strived for disarmament,Он стремился к разоружению,
"Up until now, she never needed anything",До сих пор она никогда ни в чём не нуждалась,
This situation lasted many months,Эта ситуация длилась много месяцев,
Fight with the proliferation of drugs,Борьба с распространением наркотиков,
They for a long time are aspiring to leave the EU,Они долго стремятся выйти из ЕС,
"I am in need of a clearer idea of that, that you want","Я нуждаюсь в ясной идее того, что вы хотите",
"Until now we expected, that it would be simple","До сих пор мы ожидал, что это будет просто",
Proliferation of weapons of mass destruction,Распространение оружия массового поражения,
She was concerned,она была обеспокоена,
They are debating with one another about the history of the church,Они спОят друг с другом о истории церкви,
But do you know...,но знаете ли...,
Reliable,Надёжный,
Mutual,Взаимный,
What are you in need of?,В чём вы нуждаетесь?,
War is already lasting four years,Война уже длится четыре года,
Spread of infection,Распространение заражения,
"Up to now nobody recognised administrations in eastern Ukraine, except Russia","До сих пор никто не признаёт администрации в восточной Украине, кроме России",
"Up till now I felt confident in that, that we worked well together","До сих пор я чувствовал уверенность в том, что мы работали вместе хорошо",
You are concerned?,вы обеспокоены?,
We are concerned,мы обеспокоены,
In the basement,В подвале,
Disagreement,Разногласие,
Innocence (noun),Невиновность,
To persuade (imp),Убеждать (в чём?),
To persuade (per),Убедить (в чём?),
To put in prison (imp),Заключать в тюрьму,
To put in prison (per),Заключить в тюрьму,
To refuse / deny (imp),Отказывать,
To refuse / deny (per),Отказать,
To suspect,Подозревать (в чём?),
To refuse / deny yourself (imp),Отказываться,
To refuse / deny yourself (per),Отказаться,
He is persuading his colleagues in a change of plan,Он убеждает своих коллег в изменении плана,
She will persuade her boss in strengthening protection,Она убедит своего босса в усилении защиты,
To cause disagreements,Вызывать / вызвать разногласия,
Innocent (PPP),Невиновен (в чём?),
Persuaded (PPP),Убеждён,
Imprisoned (PPP),заключён в тюрьму,
Refused / denied (PPP),Отказан,
This summer,Этим летом,
A lot of disagreements,Много разногласий,
Innocent (adj),Невиновный,
"They persuaded us in that, that we should go there","Они убедили нас в том, что мы должны пойти туда",
You are not persuaded in this?,Вы не убеждены в этом?,
"He suspects, that it isn’t true","Он подозревает, что это не правда",
He always refuses me help,Он всегда отказывает мне в помощи,
"Frankly, I will refuse him in this","Откровенно, я откажу ему в этом",
He is refusing to take advantage of the opportunity,Он отказывается воспользоваться возможностью,
"You are refusing to accept, what happened?","Вы отказываетесь принять, что произошло?",
On suspicion in what?,По подозрению в чём?,
"I don’t know, whether she has been held in custody","Я не знаю, была ли она заключена под стражу",
He was innocent in the accusations,Он был невиновен в обвинениях,
She is innocent,Она невиновна,
"In my opinion, they will refuse from the deal","По моему, они откажутся от сделки",
They are refusing our proposal of help,Они отказывают в нашем предложении помощи,
She refused to accept her guilt in this,Она отказалась свою вину в этом,
"I suspect, that he will not come","Я подозреваю, что он не придёт",
They put him in prison,Они заключили его в тюрьму,
Persuasion / conviction,Убеждение,
Deep disagreements,Глубокие разногласия,
They were innocent in corruption,Они были невиновны в коррупции,
To speak in role (of?) (per),"Выступить в роли (чего, кого?)",
To make a contribution,Вносить / Внести вклад,
He is making an important contribution,Он вносит важный вклад,
She will make a decisive contribution,Она внесёт решающий вклад,
To her was refused a transplant,Ей была отказана в пересадке,
On suspicion of theft of information,По подозрению в краже информации,
To arrive at belief / conviction,Прийти к убеждению,
They are refusing to admit their responsibility in this,Они отказываются признавать свою ответственность за это,
She is suspected in theft of automobiles,Её подозревают в краже автомобилей,
"If he could, he would but in jail his opponents","Если бы он мог, он бы заключил в тюрьму своих противников",
Fracture in convictions,Перелом в убеждениях,
To resolve a disagreement,Урегулировать разногласия,
"Nobody knows, whether she was innocent","Никто не знает, была ли она невиновна",
To have a conviction (imp),Иметь убеждение,
To hold in custody (per),Заключить под стражу,
Since we last met...,С того дня как мы в последний раз встречались...,
They are refusing to participate in the competition,Они отказываются участвовать в конкурсе,
To them was denied access of the meeting,Им было отказано в доступе встречи,
On suspicion in financial crimes,По подозрению в финансовых преступлениях,
On suspicion of money laundering,По подозрению в отмывании денег,
We will speak in defence of rights of prisoners and detainees,Мы выступим в защиту прав заключённых и задержанных,
Consideration / notion,Соображение,
Demonstration,Демонстрация,
Demonstrator,Демонстрант,
To you was refused a visa?,Вам было отказано в визе?,
On suspicion of corruption,По подозрению в коррупции,
They were held in custody under suspicion of corruption,Они были заключены под стражу по подозрению в коррупции,
I am not persuaded in the necessity of this,Я не убеждён в необходимости этого,
Innocent female passer-by was killed by the shelling,Невиновная прохожая была убита обстрелом,
"In what, he was found not guilty?",В чём его признали невиновным?,
"He was persuaded in this, in order to undertake an investigation","Он был убеждён в том, чтобы предпринять расследование",
"Nobody knows, how long they will be held in prison","Никто не знает, как долго они будут заключены в тюрьму",
He is suspected in bribery,Его подозревают во взяточничестве,
By internet connection,по подключению к интернету,
Antivirus (adj),АнтивИрусный,
He refused to complete the task,Он отказался завершить задачу,
You suspect them in treason?,Вы подозреваете их в измене,
To hold in custody (imp),Заключать под стражу,
Information about the injured,Информация о пострадавших,
Survival,Выживание,
The number of victims...,Число жертв,
"Reluctantly, I will refuse her request","Неохотно, я откажу ей в просьбе",
To them is denied the right to vote,Им отказано в праве на голоса,
"They suspect, that he has committed a crime","Они подозревают, что он совершил преступление",
They were suspected in an assassination attempt,Их подозревали в покушении,
She was held under custody on suspicion of fraud,Она была заключена под стражу по подозрению мошЕнничестве,
Special services put in prison opponents of the government,Спецслужба заключает в тюрьму противников правительства,
Reluctantly,Неохотно,
You refused to take the bribe?,Вы отказались взять взятку?,
Television audience,Телезрителей,
TV program,Телепрограмма,
Her supporters are persuaded in her politics,Её сторонники убеждены в её политике,
To speak in role (of?) (imp),"Выступать в роли (чего, кого?)",
To change conviction (imp),Менять убеждение,
They speak in support of armed intervention,Они выступают в поддержку вооружённого вмешательства,
I am staying here until we fix the day of the meeting,Я остаюсь здесь до тех пор пока мы не назначим день встречи,
We will persuade them to establish a team,Мы убедим их устанавливать коллектив,
To gain trust,Вызывать доверие,
"I was sure, that...","Я был уверен, что...",
How differs Kiev from Lviv?,Чем отличается Киев от Львова?,
How differs Ukrainian food from British food?,Чем отличается украинская еда от британской еды?,
How differs life in Kiev from life in the provinces?,Чем отличается жизнь в Киеве от жизни в провинции?,
How differs this from that?,Чем отличается это от этого?,
Do you have a larger size?,Есть ли размер больше?,
Do you have a smaller size?,Есть ли меньше размер?,
Obviously,очевИдно,
Without doubt...,Без сомнения...,
"She respected him, until he hid from her, what happened","Она уважала его, до тех пор пока он не скрыл от неё, что произошло",
"They maintained support for him, until it was clear, that he could not win","Они сохранили поддержку ему, до тех пор пока не было ясно, что он не мог выиграть",
I am remaining here...,Я остаюсь здесь,
,Скорая пОмощь,
Abduction / kidnapping,Похищение,
Military age,Призывной возраст,
Ambassador dismissed him from the post,Посоль освободил его от должности,
Regional security,Региональная безопасность,
Checking of combat readiness,Проверка боеготовности,
I suggest to consider a different question,предлагаю рассмотреть другой вопрос,
To give medical help,Оказать медицинскую помощь,
These tablets need to be taken three times a day,Эти таблетки нужно принимать три раза в день,
,Укол,
In a coma,В коме,
Sterile,Стерильно,
Without agreement,без соглашения,
NGO,Н.П.О,
Charitable organisation,благотворительная организация,
It was easy,было лёгко,
I don’t think it will be easy,"я не думаю, что это будет лёгко",
Little by little,потихоньку,
All the best,всего доброго,
Military unit,Военчасть,
Censorship,Цензура,
Unrest / disturbance,Волнение,
Publisher,Издатель,
Anniversary,Годовщина,
Price of oil,Цены на нефть,
Prices are reducing / sinking,цены снижаются,
Anniversary of victory,Годовщина победы,
A little bit more,чуть более,
Veteran,Ветеран,
A lot of skirmishes,много стычек,
Adoption (of a son),Усыновление,
Adoption (of a daughter),Удочерение,
Guardian / trustee,Попечитель,
Caregiver,опекУн,
Encouragement,Поощрение,
Suicide bomber,Террорист-смертник,
Series of explosions,серия взрывов,
,Плавание,
"We intend to continue, until we are forced to stop this work","Мы собираемся продолжать, до тех пор пока нас не заставили прекратить эту работу",
Easier,Легче,
I want to file a complaint,Я хочу подать жалобу.,
Students must begin to apply for a job.,Студенты должны начинать подавать заявление на работу,
You’re right,Вы правы,
Security considerations,соображения безопасности,
The dead,погибшие,
International situation,Международная обстановка,
International cooperation,Международное сотрудничество,
Defector,Невозвращенец,
Shelter / refuge,Приют,
Orphan,Сирота,
She submitted paperwork for a visa,Она подала документы на визу,
He is lodging a complaint against the government,он подает жалобу против правительства,
"You will realise the plan, until I decide to stop","Вы осуществите план, до тех пор пока я не решу прекращать",
Good luck!,удачи!,
It is hidden from us,это скрыто от нас,
Poisonous substance,ядовитое вещество,
Substance,вещество,
To throw away (imp),выбрасывать,
To throw away  (per),выбросить,
Pollution of water,загрязнение воды,
Pollution of soil,загрязнение почвы,
,мусорная свалка,
We need to find harmony between economic development and ecological protection,Нам надо найти гармонию между экономическим развитием и экологической защитой,
Rubbish recycling,Переработка мусора,
Smog,Смог,
Problems of ecology,Проблемы экологии,
Fuel,тОпливо,
Household waste,бытовые отходы,
I will decide,я решу,
,Ледник,
Exhaust gases,выхлоп газов,
It causes damage to quality of the air for all of us,это наносит ущерб качеству воздуха для всех нас,
Situation is worsening,ситуация ухудшается,
Result of what?,Исходя из чего?,
Oil spill,Разлив нефти,
Solar power,солнечная энергия,
Volume of waste,Объём отходов,
Disaster,Бедствие,
How serious is the problem?,Насколько серьёзна проблема?,
How dangerous is the situation?,Насколько опасна ситуация?,
How realistic is success?,Насколько реалистичен успех?,
Respected,Уважаемый,
Plan of action,План действии,
Melting,Таяние,
In turn,В свою очередь,
Defenceless,Беззащитный,
Gradual,Поэтапный,
Request,Просьба,
To ban (imp),"Запрещать (что, кому?)",
To ban (per),"Запретить (что, кому?)",
Banned (PPP),Запрещён,
Compensation for accident,Компенсация за аварию,
Award for what?,Награда за что?,
To encourage (imp),Поощрять,
To encourage (per),Поощрить,
Resulting from this...,исходя из этого,
To think ahead (imp),Думать наперёд,
We all carry responsibility for this,мы все несём ответственность за это,
They are all responsible for this,они все несут ответственность за это,
Who carried responsibility?,кто нёс ответственность?,
Thank god!,Слава бОгу,
Can I book a room?,Можно заказать номер?,
I fascinated by history,Я увлекаюсь историей,
Opposite what?,Напротив чего?,
Defence capability,обороноспособность,
Half-truth,Полуправда,
To relate to / to treat (imp),Относиться (к кому? К чему?),
To relate to / to treat (per),Отнестись (к кому к чему?),
"Really, Russia is banning the press, which stands against the government","Действительно, Россия запрещает прессу, которая выступает против правительства",
Putin is banning opposition due to risk of unrest,Путин запрещает оппозицию из-за риска волнений,
To avoid / evade (imp),Избегать (чего?),
To avoid / evade (per),Избежать (чего?),
To avoid a direct answer (imp),Избегать прямого ответа,
I am avoiding to meet with him,Я избегаю встречаться с ним,
Regarding your question...,касательно вашего вопроса...,
Regarding your request...,касательно вашей просьбы,
Regarding this problem...,касательно этой проблемы...,
Regarding this situation...,касательно этой ситуации...,
Regarding our next meeting...,касательно нашей следующей встречи...,
,ржаной хлеб,
These measures will ban freedom of expression,Эти меры запретят свободу выражения,
He is avoiding a direct answer,Он избегает прямого ответа,
You always treat us pleasantly,Вы всегда относитесь к нам прилично,
We need to encourage them to do this,Нам надо поощрять их делать это,
Compensation for loss of suitcase,Компенсация за потерю чемодана,
Award for victory,Награда за победу,
Book was banned in soviet times,Книга была запрещена в советское время,
How are they treating you?,Как они к вам относятся?,
Why are you encouraging him?,Почему вы поощряете его?,
Government does not publish data on casualties,Правительство не публикует данные о погибших,
It happened on the 24th August 2015,Это произошло двадцать четвёртого августа две тысячи пятнадцатого года,
"I am convinced in this, that...","я убеждён в том, что",
I am deeply convinced,По моему глубокому убеждению,
Relevant news,Актуальная новость,
It is not possible to avoid all risk,Невозможно избежать всех рисков,
Compensation for misunderstanding,Компенсация за недоразумение,
Award for efforts,Награда за усилие,
"Seems, that we are avoiding serious mistakes","Кажется, мы избегаем серьёзных ошибок",
Detail (noun),Подробность,
To tell more detail (per),Рассказать поподробнее,
Detailed (adj),Подробный,
Diligent,Усердный,
To destroy / annihilate (imp),Уничтожать,
To destroy / annihilate (per),Уничтожить,
To take into account (imp),Учитывать,
To take into account (per),Учесть,
To be mistaken,Заблуждаться (в чём?),
I think that you are mistaken,"Я думаю, что вы заблуждаетесь",
To avoid meeting with someone (imp),Избегать встречаться с кем-то,
To avoid mistakes (imp),Избегать ошибок,
It is necessary to cautiously treat this situation,Необходимо осторожно относиться к ситуации,
Priority,Приоритет,
Compliance,соблюдение,
It is expected,это ожидаемо,
Below the threshold,ниже порога,
Threshold,порОг,
How do you think + question...,"Как вы думаете, (+ вопрос)",
Under the circumstances,при данных обстоятельствах,
You are mistaken relating to this,Вы заблуждаетесь относительно этого,
To aggravate / exacerbate (imp),Усугублять,
To aggravate / exacerbate  (per),Усугубить,
To him was banned to go to Russia,Ему запрещён поехать в Россию,
"Thank you for that, that you treated me so well","Спасибо за то, что отнеслись ко мне так хорошо",
How to avoid risk in this case?,Как избежать риска в этом случае?,
Compensation for what?,Компенсация за что?,
Award for contribution,Награда за вклад,
It is exacerbating the situatuon,Это усугубляет ситуацию,
You are exacerbating the situation,Вы усугубляете ситуацию,
Government wants to encourage healthy form of life,Правительство хочет поощрять здоровый образ жизни,
To disappear (imp),Исчезать,
To disappear (per),Исчезнуть,
Compensation for your complaint,Компенсация за вашу жалобу,
Award for service,Награда за заслугу,
"They are mistaken, we don’t intend to take part","Они заблуждаются, мы не намерены принимать участие",
Located under ban,Находится под запретом,
How to encourage economic development?,Как поощрить экономическое развитие,
She is avoiding punishment,Она избегает наказания,
To break into / to hack (imp),Взламывать,
To break into / to hack (per),Взломать,
This means exacerbated crisis,Этот способ усугубил кризис,
To what extend is he reliable?,Насколько он надёжен?,
He disappeared,Он исчез,
We are taking into account your proposal,Мы учитываем ваше предложение,
Minister banned the demonstration,Министр запретил демонстрацию,
To what extend is it unavoidable?,Насколько неизбежно это?,
How do we treat less fortunate people in society?,Как мы относимся к менее удачный людям в обществе?,
I intend...,я намерен...,
We don’t intend...,мы не намерены...,
She intends...,она намерена...,
You are taking into account our point of view?,Вы учитываете нашу точку зрения,
We don’t want to aggravate the mistake,Мы не хотим усугублять ошибку,
To the TV channel was banned to broadcast,Телеканалу было запрещено вещать,
I took into account your contribution,Я учёл вашу заслугу,
Encouraged (PPP),Поощрён,
"I know, that I have avoided a direct answer","Я знаю, что я избежал прямого ответа",
To what extent is she venerable?,Насколько она беззащитна?,
Server,сервер,
We don’t treat the plan as unsuccessful,Мы не относимся к плану как к безуспешному,
Oil spill destroyed wild life along the shore of the sea,Разлив нефти уничтожил живую природу вдоль берега моря,
"I think, that this plan of action will exacerbate the problem","Я думаю, что этот план действий усугубит проблемы",
"You are right, we did not take into account the situation in the whole","Вы правы, мы не учли ситуацию в целом",
He was mistaken in this case,Он заблуждался в данном случае,
Opportunity disappeared a long time ago,Возможность исчезла давно,
To her was banned to participate in the competition,Ей было запрещено участвовать в конкурсе,
"It is the encouragement, in which he needed","Это поощрение, в котором он нуждался",
It is necessary to avoid mistakes,Необходимо избегать ошибок,
We should treat the future with caution,Мы должны относиться к будущему осторожно,
His authoritarianism is destroying the freedom of the press,Его авторитаризм уничтожает свободу прессы,
We need to destroy these prejudices,Нам надо уничтожить эти предрассудки,
Our meeting only exacerbated her feeling of concern,Наша встреча только усугубила её чувство беспокойство,
"I will take into account, what you told me today","Я учту, что вы рассказали мне сегодня",
To what extent is it unlikely?,Насколько маловероятно это?,
His criminal record disappeared,Его судимость исчезла,
To them is banned the export of weapons to Iran,Им запрещено экспортировать оружие в Иран,
I encouraged her to come to the meeting,Я поощрил её пойти на встречу,
I will avoid this situation if I can,"Я избегу этой ситуаций, если я могу",
We will treat him with respect,Мы отнесёмся к нему с уважением,
System was destroyed by the process,Система была уничтожена процессом,
Armaments were destroyed,Вооружения были уничтожены,
You are avoiding meeting with me?,Вы избегаете встречаться со мной?,
Bombardment destroyed the military unit,Обстрел уничтожил военчасти,
His decision intensified the problem,Его решение усугубило проблему,
I was mistaken. Sorry for the misunderstanding,Я заблуждался. Извините за недоразумение,
Elections can exacerbate conflict,Выборы смогут усугубить конфликт,
Problem disappeared,Проблема исчезла,
To them was banned entry,Им был запрещён вход,
My inflammation disappeared,Моё воспаление исчезло,
With caution,с осторожностью,
Phishing email,Фишинговое письмо,
In what way?,Каким образом?,
Wait and see,"поживём, увидим",
In relation to what?,по отношению к чему?,
Function / event,Мероприятие,
I was encouraged,Я был поощрён,
To avoid risk (per),Избежать риска,
"When we treat them so badly, need to expect this response","Когда мы относимся к ним так плохо, надо ожидать такого ответа",
He offered his resignation,Он подал в отставку,
Mistrust,Недоверие,
To make known / identify (imp),Выявлять,
To make known / identify (per),Выявить,
My size is M,Мой размер М,
It will encourage friendship between our countries,Это поощрит дружбу между нашими странами,
They are in need of encouragement,Они нуждаются в поощрении,
"They will avoid danger, if they will think ahead","Они избегут опасности, если они подумают наперёд",
He treated me well,Он относился к мне хорошо,
Exacerbation of damage to the environment,Усугубление ущерба окружающей среде,
She took into account the significance of this,Она учла значение этого,
We were mistaken relating to this,Мы заблуждались относительно этого,
Cyber threat,Куберугроза,
Report made known the facts,Доклад выявил факты,
I want to avoid misunderstandings,Я хочу избежать недоразумений,
"He treated us, like family","Он отнёсся к нам, как к семье",
He will take into account all problems,Он учтёт все проблемы,
She seriously mistook the situation,Она серьёзно заблуждалась в ситуации,
Temporary,Временный,
Punishment for extremism,наказание за экстремизм,
Punishment for involvement in riots,наказание за вовлечение беспорядках,
We will identify opportunities for the future,Мы выявим возможности для будущего,
Destroyed (PPP),Уничтожен,
To develop cooperation,Развивать / развить сотрудничество,
Exacerbation of disagreements,Усугубление разногласий,
She is making known violations of human rights,Она выявляет нарушения прав человека,
"We are gathered today here, in order to discuss current problems c...","Мы собрали сегодня здесь, чтобы обсудить текущие моменты проблемы с...",
"Before that,","Перед этим,",
Euro zone,Еврозона,
They filed a lawsuit against Russia,они подали иск против России,
We should identify the weak points,Мы должны выявить слабые стороны,
Overconfidence,самоуверенность,
I am happy,я счастлив,
They have identified the risks in the plan,Они выявили риски в плане,
"I have gathered you here today, in order to discuss a project","Я собрал вас сегодня, чтобы обсудить этот проект",
Let’s run through what we want to discuss today,"давайте пройдёмся то, что мы хотим обсудить сегодня",
Scientists for a long time are making known the alternative sources of energy,Учёные долго выявляют альтернативные источники энергии,
Do you still have questions?,у вас ещё остались вопросы?,
"If you need to discuss anything, we can do it now.","Если вам надо обсудить что-либо, то мы можем сделать это сейчас",
"So, I need to discuss with you some aspects of this project.","итак, мне с вами нужно обсудить некоторые аспекты этого проекта",
Local network,локальная сеть,
Crypto-currency,Крипто-валюта,
Prosecutors office,Прокуратура,
Deprivation,Лишение,
Are there any other questions?,есть ещё вопросы?,
Human rights activitists,Правозащитники,
In terms of geopolitics,По геополитике,
Lawsuit,Иск,
let's go through our agreements,давайте пройдёмся нашим договорённостям,
Cruel / brutal,жестокий,
Cunning / crafty,Хитрый,
,Наступление,
To invest money,Вкладывать деньги,
Walking tour,Пешеходная экскурсия,
After all...,В конце концов,
Hack / break-in,Взлом,
I started university in 2006,я поступил в университет в 2003 году,
Studying,Учёба,
"Hard, to conduct assessment of social skills","Трудно, проводить оценку социальных навыков",
Upbringing,Воспитание,
"We are gathered today here, in order to...","Мы собрались сегодня здесь, чтобы...",
"That’s exactly that, that...","это именно то, что...",
Theft of personal data,Кража личных данных,
Driving license,Водительские Права,
Is it convenient for you?,вам удобно?,
Does it suit you?,вам подходит?,
It doesn’t suit me,мне не подходит.,
At any time convenient to you,в любое удобное для вас время,
Valuation / evaluation / assessment,Оценка,
To prepare for the worst case scenario (imp),готовиться к наихудшему сценари,
We should prepare for the worst case scenario,мы должны готовиться к наихудшему сценарию,
Pact / secret agreement,сгОвор,
I am interested in,Мне интересно,
I am interested in your point of view,мне интересно вашу точку зрения,
System works so that...,"система работает так, что",
It’s not that I’m not interested,"это не то, чтобы я не интересовался",
Worst (adj),Наихудший,
To come to an agreement (imp),Договариваться (о чём?),
To come to an agreement (per),Договориться (о чём?),
"before that, you need to discuss anything?","перед этим, вам надо что-либо обсудить?",
"Before this, you have something to discuss?","перед этим, у вас есть что обсудить?",
"sorry, could we go straight to this question","простите, не могли бы мы сразу же перейти к этому вопросу",
"Also, I would like to clarify that I understood everything correctly","также, я хотел бы уточнить, что я верно всё понял",
"I am very glad, that we have agreed about plan","Я очень рад, что мы договорились о плане",
"I hope, that we will agree about that, in what way we will work together","Я надеюсь, что мы договоримся о том, каким образом мы будем работать вместо",
To make acquaintance (with someone) (imp),Знакомиться (с кем?),
To meet for the first time / make acquaintance (with someone) (per),Познакомиться (с кем?),
"So, I need to discuss with you some of this project.","итак, мне с вами нужно обсудить некоторые этот проект",
"I have gathered you today, in order to discuss one important case","Я собрал вас сегодня, чтобы обсудить одно важное дело",
"sorry, could we go straight to what we discussed at the last meeting","простите, не могли бы мы сразу же перейти к тому, что мы обсудили на последней встрече",
"So, I need to discuss with you some details of this project.","итак, мне с вами нужно обсудить некоторые детали этого проекта",
"We need to agree about that, what we want to achieve next week","Нам надо договориться о том, чего мы хотим достичь на следующей недели",
It is an opportunity to meet with interesting people,Это возможность познакомиться с интересными людьми,
We meet through work,Мы познакомились по работе,
so I need to discuss with you ...,"итак, мне с вами нужно обсудить...",
Let’s run through our responsibilities,давайте пройдёмся нашим обязанностям,
We gradually are agreeing about a solution,Мы поэтапно договариваемся о решении,
He will agree with them about the meeting,Он договорится с ними о встрече,
I am looking forward to meeting with your team,"Я с нетерпением жду, познакомиться с вашим коллективом",
I am glad with you to meet,Я рад с вами познакомиться,
Does anyone have any questions?,у кого-нибудь есть вопросы?,
"I have gathered you here today, in order to discuss following issues...","Я собрал вас сегодня, чтобы обсудить следующие вопросы",
and now let's summarize,"а теперь, давайте подведём итоги",
She agreed with me about the proposal,Она договорилась со мной о предложении,
I yet not met him,Я ещё не знакомился с ним,
To serve your country,Служить Своей родиной,
Security / guard (noun),Охрана,
Prison term,Тюремный срок,
maybe let's turn to that now.,"может быть, перейдём к этому сейчас.",
so what have we come to?,"итак, к чему мы пришли?",
"Then, we can finish the meeting?","тогда, мы можем заканчивать собрание?",
I met her at the meeting,Я познакомился с ней на встрече,
With two eggs,с двумя яйцами,
Who agreed about this?,Кто договорился об этом?,
When did you meet him?,Когда вы познакомились с ним?,
With your help we can achieve our aims,С вашей помощью мы можем достичь цели,
In the market of real estate,На рынке недвижимости,
Someone is hacking the system of Ukraine,Кто-то вламывается систему Украйны,
Hacked (PPP),Взломан,
From the day that I arrived...,"со дня того, что я приехал...",
You before have met?,Вы раньше познакомились?,
Poverty,Нищета,
They are breaking the lock,Они взломают замок,
My email was hacked,Мой ящик был взломан,
Cooperative/joint,Совместный,
I will put it here,буду ложить это сюда,
See you soon!,до скорого,
"It seems, that the country is facing an uncertain period","кажется, что страна сталкивается с неуверенным периодом",
Just like that,прямо так,
Runner (m),Бегун,
Runner (f),Бегунья,
Did you agree?,Вы договорились?,
With him it is hard to agree,С ним трудно договориться,
With her it is easy to agree,С ней легко договориться,
To describe the circumstances (per),Описать обстоятельства,
Military coup,Военный переворот,
Slower than before,Медленнее чем раньше,
Personal connection,Личная связь,
Personality / identity,Личность,
Useful acquaintance,полезный знакомый,
I am hurrying,Я спешу,
Who is responsible for the hack of servers?,Кто несёт ответственность за взломы серверов?,
Their email was hacked,Их ящики были взломаны,
Maritime,Морской,
Harmful,Вредный,
French (adj),Француский,
Stable currency,устойчивая валюта,
Stable trade relationships,устойчивые торговые отношения,
To lose credibility,утратить авторитет,
Manifesto,Программный документ,
Tabloid,Бульварная газета,
Open a social media account,Открыть страничку,
Host / anchor of TV show,Ведущий телепрограммы,
Leading / main news,Главная новость,
Retail (adj),Розничный,
Retail trade,Розничная торговля,
In terms of exporting natural gas,По экспорту природного газа,
Yearly income,Годовой доход,
Sustainable development,Устойчивое развитие,
Sustainable (adj),Устойчивый,
From the day that...,"Со дня того, что",
Stimulation / encouragement,Стимулирование,
Consultancy company,Консалтинговая компания,
Recession,Рецессия,
On the one hand... on the other hand,Содной стороны... с другой стороны,
I support your point of view,Я поддерживаю вашу точку зрения,
They hacked the system,Они взломали систему,
To lose (in contest),Проиграть,
Northern Ireland,Северной Ирландии,
With pleasure...,Я с удовольствием,
I am busy,я занят,
She was busy,она была занята,
They will be busy,они будут заняты,
Shops will be busy,магазины будут заняты,
He was busy,он был занят,
,Рабство,
More dangerous,более опасно,
Too many risks,Слишком много рисков,
I’m worried about you,я переживаю за вас,
It will create difficulties,создаст сложности,
What’s new?,что нового?,
It will create...,Это создаст,
It will cause,это вызовет,
Name (of thing / place),Название,
Otherwise,Иначе,
Symptom,Симптом,
Mitigation of consequences,смягчение последствий,
Readiness (to what?),Готовность (к чему?),
Protection of refugees,Зашита беженцев,
Protection of children,Зашита детей,
Protection of vulnerable people,защита уязвимых людей,
Vulnerable (adj),уязвимый,
Mitigation / alleviation,Смягчение,
Serious threat,Серьезная угроза,
,наводнение,
,продовольственная помощь,
Response,Реагирование,
Technical support,техническая поддержка,
Humanitarian shipment,гуманитарный груз,
Displaced people,перемещённые лица,
Anywhere in the world,в любой точке мира,
Domestic violence,домашнее насилие,
To mitigate / to alleviate (imp),Смягчать,
To mitigate / to alleviate (per),Смягчить,
To rely (on) (imp),"Полагаться (на кого, на что?)",
To rely (on) (per),"Положиться (на кого, на что?)",
Spouse (m),Супруг,
Spouse (f),Супруга,
"To beat / strike (imp) (person, animal)",Бить,
"To beat / strike (person, animal) (per)",Побить,
Someone hit her (physically),кто-то побило её,
To beat up (imp),Избивать,
To beat up (per),Избить,
Guards are beating up the prisoners,охранники избивают заключенных,
He beats his wife,он бьёт свою жену,
You can rely on him,Вы можете полагаться на него,
These refugees rely on help of humanitarian organisations,Эти беженцы полагаются на помощь гуманитарных организаций,
Many countries rely on medical supplies from China,Многие страны полагаются на медицинские принадлежности из Китая,
Elderly community,пожилое сообщество,
Elderly community rely on provision of help,Пожилое сообщество полагается на обеспечение помощи,
"We are relying on that, that nothing will change","Мы полагаемся на то, что ничего не изменится",
Without development these people will rely on international help,Без развития эти люди положатся на международную помощь,
"Slow economic development leads to that, that people are relying on external support","Медленное экономическое развитие приводит к тому, что люди полагаются на внешнюю поддержку",
Means / facilities,Средство,
Statement will alleviate tension,Заявление смягчит напряжение,
Projects are mitigating the consequences of the conflict,Проэкты смягчают последствия конфликта,
We should mitigate the risks,Мы должны смягчить риски,
To alleviate the problem of poverty,Смягчить проблему нищеты,
"We expect, that they will soften tone regarding the issue of conflict","Мы ожидаем, что они смягчат тон относительно вопроса конфликта",
Beating,Побои,
Physical violence,Физическое насилие,
Sexual violence,Сексуальное насилие,
Psychological violence,Психологическое насилия,
Manipulation,Манипулирование,
Deprivation of financial freedom,Лишение финансовой свободы,
Systemic abuse,Систематические оскорбление,
Abuse,Оскорбление,
Hygiene,Гигиена,
Rape,Изнасилование,
Coercion,Принуждение,
Quantity,Количество,
Quality,Качество,
Rapist,Насильник,
Domestic / household,Бытовой,
To compel / coerce (imp),Принуждать,
To compel / coerce (per),Принудить,
Protective order,Защитный ордер,
Transfer / passing,Передача,
Sharp / pointed (adj),Острый,
Sharp increase,острое увеличение,
To face food shortages,столкнуться недостачам продовольствия,
Shortage of food provisions,недостаток продовольствия,
Shortage (of what),Недостаток (чего?),
Provisions / food / rations,Продовольствие,
Over the last day,За минувшие сутки,
They are allowed,им разрешено,
He is allowed,ему разрешено,
We are allowed,нам разрешено,
You are allowed,Вам разрешено,
To change the setting / situation,Изменять / изменить обстановку,
To build relations,Строить / построить отношения,
Everyday life,Повседневная жизнь,
Utilisation / reuse,Утилизация,
Sorting,Сортировка,
Collection,Сбор,
Reuse (noun),Повторное использование,
Clean energy,Чистая энергия,
Rubbish bin,Мусорка,
Paper waste,бумажные отходы,
Too much packaging,Слишком многих упаковки,
To take the necessary steps...,принять необходимые меры,
Waste management,Управление отходами,
Packaging,упакОвка,
Plastic packaging,пластиковая упакОвка,
Paper packaging,бумажная упакОвка,
Greenhouse effect,Парниковый эффект,
Sexual discrimination,Половая дискриминация,
Beauty salon,Салон красоты,
,Скутер,
,Фургон,
To do harm / injure (imp),"Вредить (чему, кому)",
To do harm (per),Навредить,
To keep to / to stick to (imp),Соблюдать,
To keep to / to stick to (per),Соблюсти,
I am keeping to restrictions,Я соблюдаю ограничения,
We are keeping to the plan,мы соблюдаем план,
To share (per),"Поделиться (чем, с кем)",
To share (imp),"Делиться (чем, с кем)",
Close a social media account,Закрыть страничку,
Equal opportunities,Равные возможности,
Equal pay,Равная оплата труда,
The most rich one percent of people in the world own half of the worlds wealth,Самый богатый один процент людей в миру владеет половиной мирового богатства,
Biological war,Биологическая война,
To invite for interview,Приглашать/Пригласить на собеседование,
Almost impossible to avoid cyber-threat,Почти невозможно избегать киберугроз,
According to his opinion,По его мнению,
According to her opinion,По её мнению,
Flexibility,Гибкость,
Need / requirement,Потребность,
Institution / establishment,Заведение,
Vulnerability,Уязвимость,
To be malnourished (imp),Недоедать,
In a smaller group,в меньшей группе,
For other reasons,по другим причинам,
Black (race) (adj),темнокожий,
Degree / extent,Степень,
Witness,Свидетель,
Deduction,Вывод,
At first glance it seems...,на первый взгляд и кажется,
Degree of influence,Степень влияния,
Eradication of poverty,ликвидация нищеты,
In the region of the Black Sea,в регионе Черного моря,
To expand military presence in Europe,расширить военное присутствие в Европе.,
For the whole population of the planet,для всего населения планеты,
To render a beneficial influence on many parts of our lives,оказать благотворное влияние на многие часть нашей жизни,
Achievement,достижение,
To work for gender equality,работать на достижение гендерного равенства,
Beneficial,Благотворный,
Persecution / prosecution,Преследование,
Malnutrition,Недоедание,
Malnutrition is the reason for almost half of deaths amongst children under five,Недоедание является причиной почти половины смертей среди детей в возрасте до пяти лет,
"In Britain, London surpasses the rest of the country in terms of economic significance","В Британии, Лондон опережает остальную часть страны по экономическому значению",
Wholesale,Оптовый,
IMF,Международный валютный фонд,
Expression,Выражение,
Everyday / daily (adj),Повседневный,
Everyday task,повседневная задача,
Everyday expression,Повседневное выражение,
Black Sea Red mullet,Черноморская барабулька,
In conditions of extreme poverty,в условиях крайней нищеты,
Extreme (adj),Крайний,
On a sustainable basis,на устойчивой основе,
To contribute to equality (imp),способствовать равенству,
Ambitious (adj),амбициозный,
Ambitious goal,амбициозная цель,
Right to economic resources,права на экономические ресурсы,
Access to basic services,доступ к базовым услугам,
I will achieve,я достигну,
We will achieve success,мы достигнем успеха,
They will achieve results,они достигнут результатов,
In the fight with AIDS and malaria,в борьбе с СПИДом и малярией,
Lobbying,Лоббирование,
Petersburg Circle,питерский круг,
"Union of Chekists, officials and bandits","Союз чекистов, чиновников и бандитов",
Return,возвращение,
To care for children,Ухаживать за детьми,
To care for a child,Ухаживать за ребёнком,
To care for the elderly,Ухаживать за стариками,
Childcare,уход за детьми,
,Вырубка леса,
,Лесоматериаль,
Line of poverty,Черта бедности,
Lack of income,Нехватка доходов,
,Рыбак,
People remain living in extreme poverty,люди по-прежнему живут в крайней нищете,
Still / remain,По-прежнему,
The reasons / causes of unrest include...,к причинам волнения относятся...,
Interconnected (adj),взаимосвязаны,
It is interconnected,это взаимосвязано,
Inequality contributes to instability and risk of war,неравенство способствует нестабильности и риску войны,
Reciprocity,правило взаимного обмена,
gratitude,Признательность,
Essence / nature,Сущность,
I am confused,я озадачен,
It seems you are confused,"кажется, что вы озадачены",
"With the difference, that","с той разницей, что",
Equipment,оборудование,
Legality,Законность,
Way of life,Способ жизни,
Encryption,Шифрование,
To disconnect (imp),Отключать,
To disconnect (per),Отключить,
Extremity,Крайность,
In the last resort,В крайности,
With the help (of),С помошью (чего),
Withdraw cash,Снять деньги,
To disconnect from internet (imp),Отключаться от интернета,
To turn off phone (per),Выключить телефон,
Definition,Определение,
The reasons / causes of war include,к причинам войны относятся (что?),
The reasons / causes of the issue include...,к причинам вопроса относятся (что?),
Soft / gentle (adj),Мягкий,
Even better,Даже лучше,
Food security,Продовольственная безопасность,
In ideal conditions,В идеальных условиях,
Flight safe mode,Режим полёт,
To enter data (imp),вводить данные,
To enter data (per),ввести данные,
I request,Я прошу,
He is requesting,он просит,
To connect to WiFi (imp),подключаться к Wifi,
To connect to WiFi (per),подключиться к Wifi,
differently (adv),По-другому,
In varied ways,По-разному,
It’s possible to do it in many ways,Можно сделать по-разному,
Undoubtedly,Несомненно,
To think up / devise (per),Придумать,
To think up / devise (imp),Придумывать,
Schedule,График,
Schedule of meetings,График встреч,
Schedule of repair,График ремонта,
Schedule of project,График плана,
In case (of),на случай (чего),
To come up with an explanation (per),Придумать объяснение,
To complicate (imp),Усложнять,
To complicate (per),Усложнить,
To complicate your life,Усложнять / усложнить вашу жизнь,
To complicate the situation,Усложнять / усложнить ситуацию,
Before we begin...,Прежде чем мы начнём,
Preparation for...,Подготовка к (чему?),
Turn left!,Поверните налево,
Turn right!,Поверните направо,
Go straight down the street,идите прямо по улице,
Cross the road,перейти дорогу,
On your left hand side,слевой стороны от вас,
On your right hand side,Справой стороны от вас,
Right in front of you,прямо перед вами,
Keep right,Держитесь правой стороны,
Keep left,держитесь левой стороны,
In whatever way you want,Любым способом вы хотите,
I need a little of your time,Мне нужно немного вашего времени,
At the moment,В данный момент,
Park!,Припаркуйте!,
To stand with your back (to what?),Стоять спином (к чему?),
To stand in front (of what?),Стоять лицом (к чему?),
Move!,двигайтесь!,
Drive straight ahead,проезжайте прямо,
Drive past the park,Проезжайте мимо парка,
Junction,перекрёсток,
At the junction,На перекрёстке,
After the junction,За перекрёстком,
In direction (of what?),В сторону (чего?),
In the direction of the centre the city,В сторону центра города,
In the direction of the cathedral,В сторону собора,
Traffic light,светофор,
After the traffic lights,За светофорами,
Up to the junction,До перекрёстка,
After the turn,За поворотом,
Lack of resources,Нехватка ресурсов,
Lack of food products,Нехватка продуктов питания,
Lack of funds,Нехватка средств,
Lack of money,Нехватка денег,
Inaccessibility,недоступность,
Ability to work / capacity to work,Работоспособность,
Pass / permit,Пропуск,
Brilliant / genius (adj),Гений,
Residence / accommodation,проживание,
I have chosen,я выбрал,
Carefully,внимательно,
Minimum,Минимум,
Election Day,День выборов,
Underpass,Подземный переход,
Turn (in directions),Поворот,
First turn to the right,Первый поворот направо,
Second turn on the left,Второй поворот налево,
I did not read it carefully,Я не читал это внимательно,
Listen carefully,Слушайте внимательно,
To wish (imp),Желать (чего),
I wish you well,Я желаю вам благ,
I wish them success,Я желаю им успехов,
I don’t wish to see her,Я не желаю видеть её,
Clash / collision,Столкновение,
He wishes to avoid clashes,Он желает избегать столкновения,
Restoration / renewal,Восстановление,
Satisfaction,Удовлетворение,
Adherence / dedication / commitment (to something),приверженность к чему,
To widen (imp),Расширять,
To widen (per),Расширить,
To accelerate (imp),Ускоряться,
To accelerate (per),Ускориться,
To walk past something (one way),Пройти мимо чего-то,
To walk along something (one way),Пройти вдоль чего-то,
To walk around something (one way),Обойти вокруг чего-то,
To walk up to something (one way),Дойти до чего-то,
He often runs in the morning,Он часто бегает утром,
I run two or three times a week,Я бегаю два или три раза в неделю,
Did you run here?,Вы побежали сюда?,
To run (imp) (multi),Бегать,
To run (per) (one way),Побежать,
Call / appeal,Призыв,
Summer has arrived,Пришло лето,
Winter has arrived,Пришло зимой,
Damage (noun),Повреждение,
Can we move to ‘ты’,Можно перейти на ты?,
Let’s move to ты,Давайте перейдём на Ты,
Members of security forces,Силовики,
Post conflict reconstruction,Постконфликтное восстановление,
Recovery after coronavirus,Восстановление после коронавирус,
Recovery of economy,Восстановление экономики,
Account recovery,Восстановление доступа к странице,
Quick recovery,быстрое восстановление,
Recovery of ruined oblasts,Восстановление разрушенных областей,
Recovery of water quality,Восстановление качества воды,
Recovery of forests,Восстановление леса,
To speed up negotiations,Ускорять / ускорить переговоры,
To speed up production,Ускорять / ускорить производство,
To speed up work on something,Ускорять / ускорить работу по чему-нибудь,
To speed up pace,Ускорять / ускорить шаг,
To speed up tempo,Ускорять / ускорить темпы,
This change will speed up,Это изменение ускорится,
We are speeding up the tempo of work,Мы ускоряем темпы работы,
Spread of virus will speed up in the winter,Распространение вируса ускорится зимой,
He looks good in that shirt,Ему идёт эта рубашка,
You look good in that suit,Вам идёт это костюм,
You (informal) look good in that jacket,Тебе идёт эта куртка,
She looks good in that dress,Ей идёт это платье,
He is lucky,Ему везёт,
She was lucky today,Ей повезло сегодня,
"Maybe, we were unlucky","Может быть, нам не повезло",
You are lucky with work,Тебе везёт с работой,
To lead to a worse situation,Приводить / привести к худшему,
These factors are leading to improvement,Эти факторы приводят к улучшению,
Only this method will lead to success,Только это способ приведёт к успеху,
lead to the necessity of,Приводить / привести к необходимости,
To be counterproductive,Приводить / привести к обратным результатам,
Military presence,военное присутствие,
Presence,присутствие,
For your children,для ваших детей,
Guys,ребята,
The guys told me...,Ребята сказали мне,
Do you believe it?,Вы верите в это?,
It was all made up,все это было выдумано,
The result was falsified,результат был фальсифицирован,
Torture,пытка,
To deserve (imp),Заслуживать (чего),
To deserve (per),Заслужить (чего),
I am proud,"Я горд тем, что",
Much harder,Горазда труднее,
Much more interesting,Гораздо интереснее,
To allocate / assign funds (imp),Выделять средство,
To allocate / assign funds (per),Выделить средство,
To allocate / assign resources (imp),Выделять ресурсы,
To allocate / assign resources (per),Выделить ресурсы,
To rectify / correct (imp),Исправлять,
To rectify / correct (per),Исправить,
To deceive (imp),Обманывать,
To deceive (per),Обмануть,
To slow down / retard (imp),Замедлять (ся),
To slow down / retard (per),Замедлить (ся),
To slow down tempo of growth (imp),Замедлять темпы роста,
To slow down tempo of growth (per),Замедлить темпы роста,
Praise,Похвала,
To deserve praise (imp),Заслуживать похвалы,
To deserve praise (per),Заслужить похвалы,
Any age,в любом возрасте,
In the sphere of access to healthcare,В сфере доступа к здравоохранению,
Provision / ensuring a healthy lifestyle,обеспечение здорового образа жизни,
Assistance,Содействие,
Person with limited work permit (soviet slang),Лимитчик,
Second President of Ukraine,Леонид Ку́чма,
To cause damage to economic growth,Наносит ущерб экономическому росту,
First three goals create a foundation,Первые три цели создают основание,
"Without these goals, seems impossible to fulfil the rest of the programme","Без этих целей, кажется нельзя выполнить остальную программу",
Stagnation / Economic depression,Застой,
To show symptoms,проявиться симптомы,
Density,Плотность,
Receive less than 1.9 dollars a day,Получать менее один и девять десятых в день,
To correct a mistake,Исправлять / исправить ошибку,
To repair a reputation,Исправлять / исправить репутацию,
To correct an injustice,Исправлять/ исправить несправедливость,
To rectify a situation,Исправлять / исправить ситуацию,
He was tricked,Его обманули,
"He is sure, that he was deceived","Он уверен, что его обманули",
To betray trust,Обманывать / обмануть доверие,
She betrayed my trust,Она обманула моё доверие,
Forced marriage,принудительный брак,
Many forced marriages,принудительных браков,
Laws and social norms,Законы и социальные нормы,
Unpaid work (assumes domestic),неоплачиваемая работа,
To force to enter marriage early,принуждать / принудить вступить брак рано,
Despite these achievements,несмотря на эти достижения,
To become pregnant,забеременеть,
Both parents,Оба родителя,
Tolerance,Толерантность,
Tolerantly,Толерантно,
To treat single sex marriage tolerantly,Относиться / отнестись к однополым бракам толерантно,
Women and girls make up half the population of the planet,Женщины и девочки составляют половину населения планеты,
Full participation of women in the workforce,Полное участие женщин в рабочей силе,
On average,в среднем,
Expansion of economic opportunities for women,расширения экономических возможностей для женщин,
Especially in poor countries,особенно в бедных странах,
In hard times,в тяжелое время,
Married woman,замужняя женщина,
Unmarried man,Холостой мужчина,
Gap,Разрыв,
Gap in wages,Разрыв в зарплатах,
Between men and women,Между мужчинами и женщинами,
In the informal sector (work),в теневом секторе,
In conditions of quarantine,В условиях карантина,
In particular for girls,В частности для девочек,
Girls are still faced with obstacles in the sphere of education,Девочки по прежнему сталкиваются с препятствиями в сфере образования,
To render a negative influence on something,Оказываться / оказать негативное влияние на что-нибудь,
Political unrest,Волнения,
Availability,Наличие,
Availability of water resources,Наличие водных ресурсов,
People still deprived of these basic services,Люди по-прежнему лишены этих основных услуг,
Drinking water,питьевая вода,
Access to drinking water,Доступ к питьевой воде,
Importance,Важность,
In recorded history,за всю историю наблюдений,
Levels of carbon dioxide,уровни углекислого газа,
Climate change renders influence on all countries on all continents,Изменение климата оказывает влияние на все страны на всех континентах,
Changing weather conditions,Меняются погодные условия,
Rising sea level,повышения уровня моря,
It is expected,Ожидается,
Volume of emissions,объем выбросов,
We are faced with an emergency situation in the sphere of climate,с чрезвычайной ситуацией в сфере климата,
Set / collection,Набор,
Limit / bound,Предел,
Carbon dioxide,углекислый газ,
Level of precipitation,Уровень осадков,
Greenhouse gases,Парниковые газы,
Weather phenomenon,Погодные явления,
Urgent action,Неотложные меры,
Average temperature,Средняя температура,
Urgent,Срочный,
To lead to conflict,Приводить / привести к конфликту,
To pose a threat (imp),Ставить под угрозу,
To set a record (imp),Ставить рекорд,
Noise,Шум,
To fall / drop (imp),Падать,
To fall / drop (per),Упасть,
To rest / relax (imp),Отдыхать,
To rest / relax (per),Отдохнуть,
He will relax there,Он отдохнёт там,
I will rest,Я отдохну,
To try to find (imp),Искать (что?),
To look for / search (per),Поискать,
I am looking for...,Я ищу,
He is looking for me,Он ищет меня,
She looked for the car,Она поискала машину,
Carbon Footprint,углеродный след,
Intensification / deterioration,Обострение,
Scarce / meagre (adj),Скудный,
Second wave,вторая волна,
,Лёд,
,Таяние льдов,
,ураган,
,засуха,
In the last 100 years average temperatures have risen by 1 degree,За последние столетие средние температуры выросли на один градус,
Preservation / conservation,сохранение,
As a result of human activity,В результате деятельности человека,
Resilience / tenacity,стойкость,
Increased resilience of these ecosystems,Повышение стойкости этих экосистем,
,коралловый риф,
Dumping of rubbish in the oceans,Сбрасывание мусора в океаны,
Intensification of conflicts in the region,Обострение конфликтов в регионе,
In connection with the intensification of the crisis,В связи с обострением кризиса,
Deterioration of situation,Обострение ситуации,
Intensification of tensions,Обострение напряженности,
,Избирательный участок,
Bold move,смелый шаг,
False (adj),Ложный,
False data,Ложные данные,
Additional / supplementary (adj),Дополнительный,
To wipe out / cancel (per),Погасить,
To wipe out / cancel (imp),Погашать,
To cancel a debt,Погашать / погасить долг,
Rival,сопЕрник,
To ascertain / establish,Констатировать,
To establish the facts,Констатировать факты,
Cheka,Чека - чрезвычайная комиссия,
Embezzlement,Хищение,
To suspect of embezzlement,Подозревать в хищении,
Headhunter,Охотник за головами,
Hole in the budget,Дыру в бюджете,
Fully (adv),Полностью,
Basically,В основном,
Without need / necessity,без необходимости,
From person to person,от человека к человеку,
On the plus side...,затО,
Oh my! (Disappointed),Ё-Моё,
We’ll figure it out...,разберёмся,
Now I am only interested in your opinion,Сейчас меня интересует только ваше мнение,
Flow / stream,Поток,
Escape,Побег,
At the very least,по крайней мере,
At the very least we will know a little more,по крайней мере мы узнаем чуть более,
To stand (imp),Стоять,
To stand (per),Постоять,
I will take...,я возьму,
He will take,Он возьмёт,
We will take,Мы возьмём,
They will take...,Они возьмут,
Many teachers,много учителей,
In our office,в нашем офисе,
Sailor,морЯк,
Certification,удостоверение,
Management / Leadership,руководство,
Acceleration,Ускорение,
Hidden (adj),скрываемый,
To retreat / to back down (imp),Отступать (от чего),
To retreat / to back down (per),Отступить (от чего),
Interpretation / characterisation,Трактовка,
To interpret (imp),Трактовать,
All history is a matter of interpretation,все история - вопрос трактовки,
Everyone interprets history differently,все по-разному трактуют историю,
Crash / wreck,Крушение,
Fossil Fuels,ископаемые топлива,
Trip / excursion,Поездка,
They will request,они попросят,
Friendship,Дружба,
On the subject of...,По поводу...,
Not quite,Не совсем,
Inquisitive (adj),Любопытный,
Secretly (adv),Тайно,
To notice (imp),Замечать,
To notice (per),Заметить,
Wild animal,Дикое животное,
at dinner,За ужином,
She feels bad,Ей плохо,
What for?,Зачем?,
Into the wild,На волю,
To follow / to monitor (imp),Следить,
Adults,Взрослые,
Poisoning,отравление,
Provocation,Провокация,
Short route,Короткий путь,
As soon as possible,Как можно скорее,
Beating / throb (noun),Биение,
Guy,Парень,
Wallet,Бумажник,
It’s not hard to imagine,Не сложно представить,
Take it!,Возьмите это!,
With Russians,с русскими,
Russians have...,у Русских есть,
I read your book (informal),Я прочитал твою книгу,
I phoned your brother (informal),Я позвонил твоему брату,
With your team (informal),с твоей командой,
"In your place, I would feel the same (informal)","На твоём месте, я бы участвовал себя так же",
You have a hangover? (Informal),у тебя есть похмелье,
In your place (informal),На твоём месте,
About your proposal (informal),О твоём предложении,
In your work (informal),В твоей работе,
About your family (informal),О твоей семье,
With your help (informal),С твоей помощью,
With your wife (informal),С твоей женой,
Your opinion (informal),Твоё мнение,
Your proposal (informal),Твоё предложение,
Regarding your request (informal),Касательно твоей просьбы,
With you (informal),Со тобой,
Probationary period,Испытательный срок,
Definitely / without fail,Обязательно,
To communicate with / to mix or hang out with (imp),Общаться с кем?,
Nerd,Ботаник,
Time has come,Настало время,
For a trial period,Для испытательного срока,
To be on good terms with (imp),Ладить с кем?,
They do not get on,Они не ладят,
I am on good terms with him,Я лажу с ним,
Are you on good terms with her? (Informal),Ты ладишь с ней?,
Do you get along with his brother?,Вы ладите с его братом?,
Do you two get along?,Вы ладите друг с другом?,
I got on well with the guys,Я хорошо ладил с ребятами,
We get along well,Мы хорошо ладим друг с другом.,
Stage / phase,Этап,
To demand attention,Требовать внимание,
In this sense / in this respect,В этом смысле,
Instead of this...,Вместо этого,
In a bad mood,В плохом настроении,
That is exactly why...,Именно поэтому,
On the way home,По дороге домой,
With your children,С вашими детьми,
With your children (informal),С твоими детьми,
To go towards the exit (per),Пойти к выходу,
He went towards the exit,Он пошёл к выходу,
To miss someone / something (imp),Скучать по кому / чему?,
To miss the children (imp),Скучать по детям,
You miss your family?,Вы скучаете по семье?,
He misses his wife,Он скучает по жене,
I miss my friends,Я скучаю по друзьям,
To some extent...,В некоторой степени,
To varying degrees,В разной степени,
To go to fetch / to get (per),Пойти за чем?,
He has gone to fetch water,Он пошёл за водой,
They went to fetch coffee,Они пошли за кофе,
She went to get the bill,Она пошла за счётом,
I will go and get beer,Я пойду за пивом,
We will go and fetch the car,Мы пойдём за машиной,
He went to fetch his wallet,Он пошёл за бумажником,
I also missed him,Я тоже скучал по нему,
Style of life,Уклад жизни,
Way of work,Уклад работы,
Video conference,видеоконференция,
Secure connection,Безопасное соединение,
To recruit (imp),Вербовать,
To recruit (per),Завербовать,
The company is recruiting new staff,Компания вербует новые сотрудники,
Forever,Вечно,
To add (imp),Добавлять,
To add (per),Добавить,
Small stuff / trivialities,По мЕлочам,
Don’t worry about the details,не волнуйтесь по мелочам,
He focuses on the small things,Он фокусирует по мелочам,
In contrast to...,В отличие от,
As late as possible,Как можно позже,
Diary,Дневник,
To get someone to talk (imp),Разговорить,
In my view,На мой взгляд,
Paratrooper,Десантник,
Is something wrong?,Что-то не так?,
At any moment,В любой момент,
Young couple,Молодая пара,
To open a savings account (per),Открыть сберегательный счёт,
To withdraw money from an account (per),Снять деньги со счёта,
At the same time,В то же время,
In six months,Через полгода,
Plenty of time,Куча времени,
Treasure,Клад,
Purse,Кошелёк,
Skis,Лыжи,
Ski poles,Лыжные палки,
Helmet,Шлем,
Slope / hillside,Склон,
Ski slope,Лыжный склон,
Avalanche,Лавина,
Track,Трасса,
Associate,соратник,
Keep it!,Держите,
Let’s keep looking,Давайте искать дальше,
Come here! (informal),Иди сюда!,
I can’t wait!,Мне не терпится,
I am very hungry,Я очень голоден,
I’ll let you know soon (informal),Я скоро дам тебе знать,
Mustard,Горчица,
See you there,Увидимся там,
In the square,На площади,
On the island,На острове,
At the ballet,На балете,
At the concert,На концерте,
At the dacha,На даче,
On the table,На столе,
To begin to do something (imp),Становиться (+inf),
To begin to do something (per),Стать (+ inf),
She started to talk,Она стала говорить,
We started running,Мы стали бегать,
We will become,Мы станем,
I will become,Я стану,
They will become,Они станут,
You will become (informal),Ты станешь,
He will become,Он станет,
She will become cautious,Она станет осторожна,
It will become easier,станет легче,
It is getting more complicated,становится сложнее,
It became interesting to me,Мне стало интересно,
It became difficult to me,Мне стало трудно,
It became boring to her,Ей стало скучно,
The city is becoming more European,город становится более европейским,
Can you see her?,Ты видишь её?,
Pleased to see you again,Рад вас видеть снова,
Hand / arm,Рука,
Face,Лицо,
In the face of...,Перед лицом (чего?),
In the face of economic catastrophe,Перед лицом экономической катастрофы,
On behalf of...,От лица (чего? Кого?),
In the face of these difficulties,перед лицом этих трудностей,
I will receive,Я получу,
They will receive,они получат,
Poached egg,пашОт,
As far as I remember,Сколько помню,
Again,Опять,
Thought,Мысль (ж),
People’s (adj),Народный,
Let / allow,Пусть,
Let her decide for herself,Пусть она сама решит,
So be it,Пусть будет как,
Comrade,Товарищ,
Shoulder (body part),Плечо,
Air,Воздух,
Flowers,Цветы,
As if / like,Словно,
Circle / club,Кружок,
Military hardware,Техника,
Board,Доска,
Move / progress,Ход,
Artistic (adj),Художественный,
To return (imp),Возвращаться,
To return (per),Вернуться,
To arrive by transport (imp),Приезжать,
To arrive by transport (per),Приехать,
To show (imp),Показывать,
To show (per),Показать,
"Absence, lack",Отсутствие,
Working out / development / design,Разработка,
"Invention, contraption",Изобретение,
Implementation / infiltration,Внедрение,
Assumption,Допущение,
That is a pretty big assumption,Это слишком большое допущение,
"Rude, coarse, rough (adj)",Грубый,
"Use, application, adoption",Применение,
Conventional warfare,Война с применением обычных вооружений,
Nuclear warfare,Война с применением ядерного оружия,
Use of force,Применение силы,
Violent conflict,Конфликт с применением военной силы,
Methods based on the use of force,Методы основанные на применении силы,
Transferable skills,Навыки широкого применения,
Threat of use of force,Угроза применения военной силы,
In the absence (of what?),В отсутствие,
In the absence of different data,В отсутствие других данных,
In development / under development,В разработке,
In a blunt manner,В грубой форме,
Glaring error,Грубая ошибка,
Rough estimate,Грубый подсчёт,
Rough assessment,Грубая оценка,
To reflect (imp),Отражать,
To reflect (per),Отразить,
To have an effect on (imp),Отражаться (на чём?),
To have an effect on (per),Отразиться (на чём?),
It will have an effect on the situation,Это отразится на этой ситуации,
These factors will have an effect on the plan,Эти факторы отразятся на плане,
It had a good effect on his health,Это отразилось на его здоровье хорошо,
Over a period of (what?),На протяжений (чего?),
Over the period of their life,На протяжении их жизни,
Over the period of two weeks,На протяжении двух недели,
Throughout the night,На протяжении ночи,
Over ones whole life,На протяжении всей своей жизни,
Over a period of many years,На протяжении многих лет,
Pen,Ручка,
Plague,Чума,
Exclusively / entirely,исключительно,
To interrogate (per),Допросить,
To interrogate (imp),Допращивать,
Interrogation,Допрос,
Investigatory (adj),Следственный,
Instantaneous,Мгновенный,
Instantaneously,Мгновенно,
Familiar (adj) / acquaintance,Знакомый,
To follow (inf),Следовать (чему?) (кому?),
To follow (per),Последовать (чему?) (кому?),
Simple (adj),Простой,
Stone,Камень,
,Бог,
Position / whereabouts / posture /,Положение,
Leaf / sheet (of paper),Лист,
To represent (imp),Представлять,
To present (per),Представить,
Very / highly (adv),Весьма,
Speed / rate / velocity,Скорость,
State / condition,Состояние,
In a good condition,В хорошем состоянии,
In a bad way,В плохом состоянии,
To be in a position to asses,Быть в состоянии оценить,
To be in a position to plan,Быть в состоянии планировать,
Composition / make-up,Состав,
Characteristic / property / attribute,свОйство,
As it appears to me,Как мне представляется,
As it is understood...,Как представляется...,
To submit / produce evidence (per),Представить доказательства,
To imagine (per),Представить себе,
You can imagine...,Вы можете представить себе,
If presented such an opportunity...,Если представиться такая возможность,
To present itself / to arise (per),Представиться,
He can’t imagine...,Он не может себе представить,
"Grade, quality",Сорт,
"Rescue, salvation",Спасение,
"Top, summit",Верх,
Sudden (adj),Внезапный,
"Aloud, out loud (adj)",Вслух,
"Supremacy, domination",Господство,
To catch up with someone / something (per),Догнать кого / что,
To catch up with someone / something (imp),Догонять кого / что,
Pilot,Лётчик,
Poetry,Поэзия,
Preceding (adj),Предыдущий,
"Conscious, deliberate (adj)",Сознательный,
"Awareness, deliberateness",Сознательность,
Argument / reason / point,Довод,
,Чайник,
Colourless,Бесцветный,
Deliberately (adv),Нарочно (произношение - нарошно),
"To pick up, to select (imp)",Подбирать,
"To pick up, to select (per)",Подобрать,
"To turn to, to convert to (imp)",Превращать (в что?),
"To turn to, to convert (per)",Превратить (в что?),
,Пуля,
"Test, trial",Испытание,
Blood clot,Тромб,
"To reveal, to discover (imp)",Обнаруживать,
"To reveal, to discover (per)",Обнаружить,
From which city?,Из какого города?,
"To be heard, to sound (imp)",Звучать,
"To be heard, to sound (per)",Прозвучать,
It sounds so simple,Это звучит так просто,
His answer sounded very confident,Его ответ звучал очень уверенно,
Her story sounds true,Её рассказ звучал верно,
It sounds true,Это звучит правдиво,
It sounds strange,Это звучит странно,
Sounds not bad,Звучит неплохо,
Sound,Звук,
It’s a deal / Agreed!,Договорились!,
,Перчатки,
,Шарф,
Its embarrassing / this is awkward,Это неловко,
"To loosen, to relax (imp)",Расслаблять(ся),
"To loosen, to relax (per)",Расслабить(ся),
You need to relax (inf),Тебе нужно расслабиться,
Relax! We’ll figure it out,Расслабитесь! Мы разберёмся,
Warhead,Боеголовка,
Nuclear warhead,Ядерная боеголовка,
Warehouse,Склад,
In the warehouse,На складе,
Dose,Доза,
"Finally, decisively (adj)",Окончательно,
"Previous, former (adj)",Прежний,
"Stock, supply, reserve",Запас,
Nuclear powers,Ядерные державы,
Reduction of nuclear weapons,Сокращение ядерного оружия,
Treaty of anti proliferation of nuclear weapons,Договор о нераспространении ядерного оружия,
To limit the proliferation of nuclear weapons,Ограничить распространение ядерного оружия,
With some exceptions,С некоторыми исключениями,
"Site, ground, venue",Площадка,
Victor,Победитель,
To confirm (imp),Подтверждать,
To confirm (per),Подтвердить,
To memorise (imp),Запоминать,
To memorise (per),Запомнить,
"Scope, scale",Размах,
Icy (adj),Ледяной,
"Quietly, in a quiet voice (adv)",Негромко,
To take offence (imp),Обижаться,
To take offence (per),Обидеться,
Tribe,Племя,
Undoubtedly,Безусловно,
Fence,Забор,
Slogan,Лозунг,
Unintentionally (adv),Невольно,
Collection,Сборник,
Emergence / Appearance,Появление,
,Полуостров Камчатка,
Bipolar world,Биполярный мир,
Bipolar system,Биполярная система,
Treaty of liquidation of medium and low range rockets,Договор о ликвидации ракет средней и меньшей дальности (ДРСМД),
Range,Дальность,
"To halt, suspend (imp)",Приостанавливать,
"To halt, suspend (per)",Приостановить,
"To halt, suspend military action",Приостанавливать / приостановить военные действия,
"To halt, suspend payment of salary",Приостанавливать / приостановить выплату заработной платы,
"To halt, suspend payment",Приостанавливать / приостановить платёж,
"To halt, suspend testing",Приостанавливать / приостановить испытания,
Mirror answer,зеркальный ответ,
To expire (imp),Истекать,
Period of treaty is expiring,Срок договор истекает,
Time is running out,Время истекает,
Period of rental is expiring,Срок аренды истекает,
,Пасха,
To confirm a diagnosis,Подтверждать / подтвердить диагноз,
To confirm the legitimacy,Подтверждать / подтвердить законность,
To confirm suspicion,Подтверждать / подтвердить подозрение,
To confirm a report,Подтверждать / подтвердить сообщение,
Confirmation,Подтверждение,
Confirmatory (adj),Подтвердительный,
To confirm receipt,Подтверждать / подтвердить получение,
"To open wide, to reveal (imp)",Раскрывать,
"To open wide, reveal (per)",Раскрыть,
Steel,Сталь (ж),
Aggressive (adj),Агрессивный,
Precision / punctuality,Точность,
Glance / look,Взор,
Because of / owing to,Вследствие (чего?),
Board / governing body,Правление,
To disperse / split up (imp),Расходиться,
To disperse / split up (per),Разойтись,
Justice / fairness,Справедливость,
To dance (imp),Танцевать,
To dance (per),Потанцевать,
"To talk with, have a talk with (imp)",Беседовать (с кем?),
"To talk with, to have a talk with (per)",Побеседовать,
Memory / recollection,Воспоминание,
Flour,Мука,
Sad (adj),Печальный,
Admission / confession,Признание,
Mental illness,Душевная болезнь,
Sincere person,Душевный человек,
Sincere / heartfelt (adj),Душевный,
"To reject, turn down (imp)",Отвергать,
"To reject, turn down (per)",Отвергнуть,
To tell (imp),Рассказывать,
To tell (per),Рассказать,
Responsibility to one another,ответственность друг перед другом,
Pleasure,Удовольствие,
,Дмитрии Песков,
,Виктор Владимирович Медвучук,
,Сергей Шойгу,
To nationalise,Превращать/ превратить в государство,
To discover serious mistakes,Обнаруживать / обнаружить серьёзные ошибки,
To rely on fate,Полагаться / положиться на судьбу,
Fate,Судьба,
Transformation / conversion,Превращение,
To turn down an offer,Отвергать / отвергнуть предложение,
To reject a request,Отвергать / отвергнуть просьбу,
To turn down / spurn advice,Отвергать / отвергнуть совет,
To reach ones potential fully,Полностью Раскрывать / раскрыть потенциал,
To show ones hand / plan,Раскрывать / раскрыть свои план,
You deeply offended him,Вы его глубоко обидели,
I did not mean to offend you,Я не хотел вас обидеть,
He was not offended by my criticism,Он не обиделся мою критику,
I don’t want to offend...,Я не хочу обидеть,
To be wary of offending,Бояться обидеть,
You won’t be offended?,Вы не обидитесь?,
To look (like),Выглядеть,
He looks very young,Он выглядит молодо,
She looks ill,Она выглядит больной,
You don’t look very well (inf),Ты плохо выглядишь,
You look well,Вы выглядите хорошо,
You look tired (inf),Ты выглядишь усталым,
"Jump, leap, spike",скачОк,
Without sharp spikes,Без резких скачков,
To follow a diet,Соблюдать / соблюсти диету,
To follow the law,Соблюдать / соблюсти закон,
To be behind schedule (imp),Не Соблюдать график,
To observe a ceasefire,Соблюдать договорённость о превращении огня,
To keep to a treaty,Соблюдать договор,
To observe traditions,Соблюдать традиции,
To keep to the terms of a contract,Соблюдать условия контракта,
Alliance disintegrated,Альянс распался,
The country will disintegrate,Страна распадётся,
Their marriage is breaking up,Их брак распадается,
Highly likely,весьма вероятно,
They are connected,они связаны,
"Shock, upheaval",потрясение,
In course of…,В ходе,
In the course of these meetings,В ходе этих встреч,
"To advance, to push forward (per)",Подвинуть,
"To advance, to push forward (imp)",Подвигать,
To advance / promote interests,Подвигать / подвинуть интересы,
To advance / move forward an issue,Подвигать / подвернуть дело,
Determination (noun),решимость,
That is so expensive!,Это так дорого!,
Cool!,Круто!,
I beg your pardon,Прошу прошения,
Be careful.,Будьте осторожны,
Do you want to come with me? (Inf),Хочешь пойти со мной?,
"Oops, sorry!","Ой, прости!",
In our price range,в нашем ценовом диапазоне,
"Range, scope",Диапазон,
Wide range of interests,Большой диапазон интересов,
In instalments,В рассрочку,
Pay in instalments,Оплатить в рассрочку,
Failure,Провал,
Movement / motion,Движение,
To explode / to blow up (imp),Взрываться,
To explode / blow up (per),ВзорвАться,
Ozone layer,Озоновый слой,
To moderate (imp),Умерять,
To moderate (per),Умерить,
The same approach,Такой же подход,
The same level,Такой же уровень,
Exactly the same,Точно такой же,
To the same extent,В такой же степени,
To save / to rescue (imp),Спасать,
To save / to rescue (per),Спасти,
I will save / rescue,Я спасу,
Nevertheless,Тем не менее,
We’ll pick…,Мы подберём,
"Abstruse, unintelligible (adj)",Заумный,
Second-hand dealer,Перекупщик,
Staging / production (theatre),Постановка,
Within the framework of,"В рамках того,",
It is noted…,Отмечается,
He will keep to…,Он соблюдёт,
I will keep to…,Я соблюду,
They will keep to…,Они соблюдут,
He will save / rescue,Он спасёт,
"To call, summon (imp)",Призывать,
"To call, summon (per)",Призвать,
Election,Избрание,
"To conquer, subdue (imp)",Покорять,
"To conquer, subdue (per)",Покорить,
To take over the world,Покорять / покорить мир,
To capture heart,Покорить сердце,
To give up to / accept fate,Покорить судьбе,
To restore (imp),Восстанавливать,
To restore (per),Восстановить,
To restore a city,Восстанавливать / восстановить город,
To restore peace,Восстанавливать / восстановить мир,
To repair (per),Ремонтировать,
To repair a road,Ремонтировать дорогу,
To repair a house,Ремонтировать дом,
To repair a watch / clock,Ремонтировать часы,
To repair shoes,Ремонтировать обувь,
To hold (imp),Держать,
To hold a child,Держать ребёнка,
To hold in one’s hand,Держать в руке,
To clean (imp),Чистить,
To clean your clothes,Чистить свою одежду,
To build a new life,Строить / построить новую жизнь,
To chose a new flat,Выбирать / выбрать новую квартиру,
To chose a method,Выбирать / выбрать метод,
To chose a plan of action,Выбирать / выбрать план действий,
It’s difficult to chose,Трудно выбрать,
Creative (adj),творческий,
To lie / to be situated (imp),Лежать,
To lie on the sofa,Лежать на диване,
To lie on the ground,Лежать на земле,
To lie in the sun,Лежать на солнце,
The blame lies with me,Вина лежит на мне,
To form the basis / to underpin,Лежать в основе,
The responsibility lies with us,На нас лежит ответственность,
To share food with someone,Делиться / поделиться еду с кем-то,
To share money,Делиться / поделиться деньги,
Stronger,Сильнее,
Weaker,Слабее,
Simpler,Проще,
Deeper,Глубже,
Interaction,Взаимодействие,
Impersonal (adj),Безличный,
Religious (adj) / religious person,Верующий,
To believe in god,Верить в Бога,
Moral foundations / morality,Моральные устой,
Religiosity / Level of religious belief,Религиозность,
Worldview,Мировоззрение,
Catholicism,католИчество,
,Священник,
Judaism,Иудаизм,
Islam,Мусульманство,
From now on,С этого момента,
Noticeably,Заметно,
To protect against / to guard against (imp),Оберегать от чего,
To protect against / to guard against (per),Оберечь от чего,
,Щит,
Addition,Прибавка,
But then again…,Впрочем,
To rebuild (imp),Перестраивать,
To rebuild (per),Перестроить,
To approve of (imp),одОбрять,
To approve of (per),одОбрить,
Are you ready for your big day?,Ты готов к своему большому дню,
Have a great time,Желаю хорошо провести время,
I will be fine,Со мной всё будет в порядке,
To approve / endorse decision,одОбрять / одОбрить решение,
If you approve…,Если вы одОбрите,
To guard against risk,Оберегать / оберечь от риска,
To guard against the consequences,Оберегать / оберечь от последствий,
To reflect poorly,Плохо Отражаться / отразиться на чём,
To negatively affect something,Негативно отражаться / отразиться на чём,
To seriously affect something,Серьёзно отражаться / отразиться на чём,
It is negatively affecting the economic situation,Это негативно отражается на экономической ситуации,
I think it will seriously affect relations between them,"Я думаю, что это серьёзно отразится на отношениях между ими",
The board allows,Правление разрешает,
If you will allow…,Если вы разрешите,
If you will allow us (inf),Если ты разрешишь нас,
To follow instincts,Следовать / последовать интуиций,
To follow fashion,Следовать / последовать моде,
To follow the rules,Следовать / последовать правилам,
To follow advice,Следовать / последовать совету,
Follow me!,Следуйте за мной!,
Negatively affect our ability to achieve results,негативно отразится на нашей способности достигать результатов,
Ability / capability,Способность (к чему?),
To establish a fact,Констатировать факт,
To state the obvious,Констатировать очевидное,
To feel awkward / embarrassed,Участвовать себя неловко,
To be in an awkward position,Быть в неловком положении,
To envy (imp),"Завидовать (чему, кому)",
To envy (per),"Позавидовать (чему, кому)",
Shift / change,Смена,
To shape worldview (imp),Формировать мировоззрение,
To shape worldview (per),Сформировать мировоззрение,
Russian worldview,русское Мировоззрение,
"To harm, injure (per)","Повредить (чему, кому)",
I injured my leg,Я повредил ногу,
To hear (imp),Слышать,
To listen (imp),Слушать,
To get up (per),Встать,
I will get up early tomorrow,Завтра я рано встану,
To get up (imp),Вставать,
He usually gets up quite late,Обычно он встает довольно поздно,
I get up at six o clock,Я встаю в шесть часов,
I will remain,Я останусь,
He will remain here,Он останется здесь,
They stayed there,Они оставались там,
We will stay with you (inf),Мы останемся со тобой,
I will throw / abandon / give up,Я брошу,
We are confirming,Мы подтверждаем,
Data regarding unemployment,Данные по безработице,
To lose ones job,Терять / потерять работу,
To dismiss from a job,Увольнять / уволить с работы,
Dismissal / redundancy,Увольнение,
Employment law,Закон о занятности,
Strike (of workers),Забастовка,
Social security,Социальная защита,
To register as unemployed,Зарегистрироваться безработным,
To introduce a shorter week,Вводить / ввести более короткую неделю,
To reduce / shorten (imp),Сокращать,
To reduce / shorten (per),Сократить,
To reduce the budget,Сокращать / сократить бюджет,
To reduce the deficit,Сокращать / сократить дефицит,
To reduce a sentence,Сокращать / сократить наказание,
To reduce expenditure,Сокращать / сократить расходы,
To reduce military spending,Сокращать / сократить расходы на оборону,
To reduce / cut down staff,Сокращать / сократить Штаты,
I want to talk to you about something (inf),я хочу поговорит со тобой кое о чём,
I would love to go,я бы с удовольствием пошёл,
It makes sense,в этом есть смысл,
To moderate ambitions,Умерять / умерить амбиция,
To moderate / manage expectations,Умерять / умерить ожидания,
To moderate demands,Умерять / умерить требования,
Prices are falling,Цены падают,
To fall off a table,Падать / упасть со стола,
To fall on the ice,Подать / упасть на льду,
He fell on the ice,он упал на льду,
To suppose (imp),Предполагать,
To sacrifice,Жертвовать (чем?),
Burden / load,Нагрузка,
Standard / criteria,Мерило,
To give an estimate,Давать / дать оценку,
To give / offer an advantage,Давать / дать преимущество,
Give me a day to think about it,"Дайте мне день, чтобы продумать этот вопрос",
To force to drink,Заставлять / заставит выпить,
To keep somebody waiting,Заставлять / заставить ждать,
To prompt / force reflection,Заставлять / заставить задуматься,
These changes forced me to reflect,Эти изменения заставили меня задуматься,
This is an opportunity to reflect on what we would do differently,"Это возможность задуматься о том, что бы мы сделаем по-другому",
To force somebody to change his mind,Заставлять / заставить одуматься,
To make someone believe,Заставлять / заставить поверить,
All these factors are making him believe that you are credible,"Все эти факторы заставляют его верит тому, что вы настоящие",
To change your mind,Одуматься,
We can’t force him to change his mind,мы не можем заставить его одуматься,
By post,По почте,
To be open to an offer,Не Отвергать / отвергнуть предложение,
To be open to new ideas,Не отвергать / отвергнуть новые представления,
To reject the accusation,Отвергать / отвергнуть обвинение,
To decisively dismiss / reject,Решительно отвергать / отвергнуть,
Decisively,Решительно,
To grow (imp),Расти,
Twice,Дважды,
Paradise / Heavenly place,райское место,
Above sea level,над уровнем моря,
And besides,К тому же…,
Excitement,Возбуждение,
To complain (imp),Жаловаться,
To complain (per),Пожаловаться,
Expedition,Экспедиция,
Shot,Выстрел,
To guarantee,Гарантировать,
Extremely (adv),Крайне,
Distribution / allocation,Распределение,
Unity,Единство,
Wild (adj),Дикий,
Instruction / order,Распоряжение,
Deputy,Заместитель,
Everywhere (adv),Везде,
"Here, there and everywhere",Везде и всюду,
To be extremely interested with / in,Быть крайне заинтересованным чем-то,
To be extremely concerned with,Быть крайне обеспокоенным чем-то,
Extremely important,Крайне важно,
To be extremely in need of money,Крайне нуждаться в деньгах,
Extremely complex,Крайне сложный,
For extremely compelling reasons,По крайне серьезным причинам,
Liberation,Освобождение,
"About, as regards",Насчёт (чего),
What would you like? What can I do for you?,Что вам угодно?,
Whoever / anyone you like,Кто угодно,
Whatever / anything you like,Что угодно,
Anytime,Когда угодно,
Profession,Профессия,
Fluctuation / wavering,колебАние,
Military bullying,Дедовщина,
I will distract him,Я отвлеку его,
They are staying here,они остаются здесь,
I am staying,Я остаюсь,
The guards will beat him,Охранники изобьют его,
Gradually,Постепенно,
Anyway / in any event,Во всяком случае,
Misfortune,Несчастье,
Frame,Рамка,
To empathise (imp),Сопереживать (кому?),
To empathise (per),Сопережить (кому?),
"To train (habits, discipline) (imp)",Приучать (к чему),
"To train (habits, discipline) (per)",Приучить (к чему),
To get used to (imp),Привыкать (к чему),
To get used to (per),Привыкнуть,
To scare off (imp),Отпугивать,
To scare off (per),Отпугнуть,
To get used to one another,Привыкать / привыкнуть друг к другу,
To scare off investment,Отпугивать / отпугнуть инвесторов,
Under,Под (чем?),
Above,Над (чем?),
To unofficially approve,Неофициально одОбрять - одОбрить,
To approve in principle,одОбрять/ одОбрить в принципе,
To approve a law,одОбрять / одОбрить законопроект,
To carefully pick your words,Осторожно подбирать / подобрать слова,
To lose a game,Проиграть игру,
A bet,Пари,
To lose a bet,Проиграть пари,
To seize power,Захватывать / захватить власть,
To seize the lead,Захватывать / захватить лидерство,
Don’t worry! (Inf),Не переживай!,
I am hearing,Я слышу,
To dump (imp),Сбрасывать,
To dump (per),Сбросить,
Excessive amount / too much,Перебор,
To irritate / annoy (imp),Раздражать,
To irritate / annoy (per),Раздражить,
He annoys me,Он раздражает меня,
She is easily irritated,Она быстро раздражается,
What annoys me most…,Что больше всего раздражает меня…,
Sensation / feeling,Ощущение,
"Amazing, cool (adj)",Прикольный,
To cope with (per),Справиться с кем / с чем,
To cope with (imp),Справляться с кем / с чем,
Naturally / it is natural,Естественно,
To not cope with a task,Не справляться/ справиться с задачей,
To not cope with responsibilities,Не справляться / справиться с обязанностями,
He is not up to his job,Он не справляется с своей работой,
To cope with the situation,Справляться / справиться с ситуацией,
To cope with difficulties,Справляться / справиться с трудностями,
To successfully cope with,Успешно Справляться / справиться с чем,
To call up to the army,Призывать / призвать в армию,
To conscript into military service,Призывать / призвать на военную службу,
To envy others success,Завидовать / позавидовать успехам других,
If I were to tell you…,Если бы я рассказал вам…,
He told me in confidence,Он рассказал мне по секрету,
She told us about his adventures,Она рассказала нам о своих приключениях,
She told me the news herself,Она сама рассказала мне эту новость,
To talk candidly,Откровенно рассказывать / рассказать,
To talk in detail,Подробно Рассказывать / рассказать,
Tell me the details! (Inf),Расскажи мне в деталях,
I’ll tell you everything (inf),Я тебе расскажу всё,
He requested money,Он попросил денег,
Tent,Палатка,
For the first time,Впервые,
"Similar, like (adj)",подОбный,
"To set out, to set off (per)",Отправиться,
"Does he know, what lies ahead for him?","Он знает, что ему предстоит?",
An interesting trip lies ahead for her,Ей предстоит интересная поездка,
Hard choices lie ahead of us,Нам предстоит нелёгкие выборы,
To search (imp),Обыскивать,
To search (per),Обыскать,
To search a car,Обыскивать / обыскать машину,
To search a flat,Обыскивать / обыскать квартиру,
To search the whole house,Обыскивать / обыскать весь дом,
Resettlement,Переселение,
Due to worsening climate conditions,из-за ухудшения климатических условий,
To affect (imp),Затрагивать,
To affect (per),Затронуть,
To broach / touch on a question,Затрагивать / затронуть вопрос,
To affect the interests,Затрагивать / затронуть интересы,
One of the main deductions,одно из главных выводов,
"Tale, legend",сказание,
Very low probability,очень низкое вероятность,
Heat waves,волны жара,
Output / issue / discharge,Выпуск,
Issue of a journal,Выпуск журнала,
Annual output of products,Выпуск продукции за год,
At the geopolitical level,на геополитическом уровне,
Forest fires,лесные пожары,
It will continue for a period of thousands of years,продолжится в течение тысяч лет,
If we reduce emissions of greenhouse gases,Если мы сократим выбросы парниковых газов,
Alarm / anxiety,тревОга,
Envoy / Messenger,посланник,
Set of instructions,Набор команд,
Food package,Продуктовый набор,
In terms of,В рамках,
In accordance with the law,В рамках закона,
Beyond the scope of,За рамками чего?,
Preservation of traditional values,Сохранение традиционных ценностей,
Maternity hospital,роддОм,
Roughly / approximately,Примерно,
To give birth (imp),Рожать,
To give birth (per),Родить,
Childbirth,рОды,
Self preservation,Самосохранение,
To discover a mistake,Обнаруживать / обнаружить ошибку,
To discover new data,Обнаруживать / обнаружить новые данные,
To give out tickets,Раздавать / раздать билеты,
To hand out gifts,Раздавать / раздать подарки,
To hand out money,Раздавать / раздать деньги,
Family is falling apart,Семья распадается,
We broke up,Мы распались,
Overview,Обзор,
On the contrary / visa versa,Наоборот,
To make / brew tea (per),Заварить чай,
To make / brew tea (imp),Заваривать чай,
Excusable / pardonable (adj),Простительный,
"Requirement for healthcare, education and access to water and sanitation","потребность в здравоохранении, образовании и доступе к воде и санитарии",
Beyond the poverty line,за пределом бедности,
Breakdown,Упадок сил,
To approach (imp),Подходить,
To approach (per),Подойти,
To be silent (imp),Молчать,
To be silent (per),Замолчать,
Side by side,Бок о бок,
Military allowance / provision,Довольствие,
To investigate,Расследовать,
To investigate a crime,Расследовать преступление,
To investigate a case,Расследовать дело,
To investigate a murder,Расследовать убийство,
To investigate causes of an accident,Расследовать причины аварии,
To judge (imp),Судить,
To judge fairly / correctly,Судить правильно,
To judge harshly / severely,Судить сурово,
It is for you to judge,Судить об этом надо вам,
To guess (imp),Угадывать,
To guess (per),Угадать,
To guess the answer,Угадывать / угадать ответ,
To guess the result,Угадывать / угадать результат,
To guess correctly,Угадывать / угадать правильно,
I have nothing to add,Мне ничего добавить,
To leave for the meeting,Уходить / уйти на встречу,
To leave the room,Выходить / выйти из комнаты,
To leave in a hurry,Уходить / уйти поспешно,
To hope,Надеяться,
To hope for a change,Надеяться на изменение,
To hope for the best,Надеяться на лучшее,
I hope not,"Я надеюсь, что нет",
To undertake a number of measures,Предпринимать / предпринять ряд мер,
To undertake an investigation,Предпринимать / предпринять расследование,
We will undertake steps to change this,"Мы предпримем шаги, чтобы это изменить",
I will take steps to investigate,Я предприму шаги расследовать,
To take risks / take chances,Рисковать (чем?),
To risk ones life,Рисковать своей жизнью,
To risk ones money,Рисковать деньгами,
To risk nothing,ничем не рисковать,
Uncertainty,неопределенность,
Internet speed,Скорость интернета,
Rate of development,Скорость развития,
To mend a coat,Чинить / починить пальто,
To force into silence,Заставлять / заставить молчать,
To suffer in silence,Страдать / пострадать молча,
Silently / in silence (adv),Молча,
Quite possibly,вполне вероятно,
Creator(s),Творец (творцы),
In collusion,В сговоре,
Criminal deal,Преступный сговор,
Conspiracy,Тайный сговор,
To deny / to disclaim,Отрицать,
To categorically deny,Категорически отрицать,
It can’t be denied that…,"Нельзя отрицать, что…",
He categorically denied it,Он категорически отрицал,
He is not denying it,Он этого не отрицает,
To deny reality,Отрицать реальность,
It is hard to deny that…,"Это трудно отрицать, что…",
"I don’t deny, that he did a lot","Я не отрицаю, что он очень много сделал",
To give instructions / orders,Давать / дать распоряжения,
To be successful (imp),Удаваться,
To be successful (per),Удаться,
His attempt was not successful,Его попытка не удалась,
Her plan was not successful,Её план не удался,
The negotiations did not succeed,Переговоры не удались,
To manage / to succeed,Кому удаваться / удаться,
He did not manage to find it,Ему не удалось найти это,
I succeeded,Мне удалось,
He excels at…,Ему отлично удаётся,
Denial,отрицание,
"Jerk, wimp",соплЯк,
Eve,Канун,
To give notice about / to notify in advance about (imp),Предупреждать (о чём?),
To give notice about / to notify in advance about (per),Предупредить (о чём?),
Year and a half,Полтора года,
To replace (imp),Заменять,
To replace (per),Заменить,
Savings,сбережение,
Resistance / opposition,сопротивление,
Insurgent,Повстанец,
To build a better future of our country,строить лучшее будущее нашей страны,
Clarity,Ясность,
Folder,Папка,
Armed opposition,Вооружённое сопротивление,
Public opposition,Общественное сопротивление,
To meet resistance,Встретить сопротивление,
Stiff resistance,Жестокое сопротивление,
Significant (adj),Значительный,
Significant resistance,Значительное сопротивление,
Without resistance,Без сопротивления,
To suppress / repress (per),Подавить,
To suppress / repress (imp),Подавлять,
To suppress a rebellion,Подавлять / подавить бунт,
"Uprising, insurrection",Восстание,
To suppress with force,Подавлять / подавить силой,
Amendment,Поправка,
Amendment to the constitution,Поправка к конституции,
Amendment to the resolution,Поправка к резолюции,
Amendment to the legislation,Поправка к законопроекту,
He passed an amendment to the constitution,он провел поправку к конституции,
With violations and falsifications,с нарушениями и фальсификациями.,
In the foreseeable future,в обозримом будущем,
"Loyalty, faithfulness",верность,
Witch hunts,охота на ведьм,
There will be no witch hunt,не будет охоты на ведьм,
A fire broke out,вспыхнул пожар,
Cartoon,Мультик,
"To turn out, to prove to be (imp)",Получаться,
"To turn out, to prove to be (per)",Получиться,
"Turned out, he was right","Получилось, что он был прав",
It turned out…,"Получилось, что…",
"How is it, that…","Как это получается, что…",
This isn’t working / nothing is going right,Ничего не получается,
I don’t know how you did this! (inf),"Я не знаю, как это у тебя получилось",
But you did it! (inf),Но у тебя получилось!,
In the presence of,В присутствии чего? / кого?,
Your presence is required,Ваше присутствие необходимо,
Global presence,Глобальное присутствие,
To have a presence,Иметь присутствие,
Reduction of military presence,Сокращение военного присутствия,
Escalation of military presence,Эскалация военного присутствия,
In the absence of,В отсутствие чего? / кого?,
For lack of information,За отсутствием информации,
Absence of proof,Отсутствие доказательств,
Absence from work,Отсутствие на работе,
Sympathy / likeness for…,симпатия к,
Sympathy / likeness for Russia,симпатия к России,
Fertility,ПлодорОдие,
To conduct fight with disinformation,вести борьбу с дезинформацией,
To affect fertility,Влиять / повлиять на фертильность,
Remainder / rest,остАток,
Remainder of the year,остаток года,
Remainder of life,остаток жизни,
List / checklist,Перечень,
Shortlist,Краткий перечень,
List / set of questions,Перечень вопросов,
To-do list,Перечень задач,
List of requirements,Перечень требовании,
Devaluation / depreciation,Девальвация,
Currency depreciation,Девальвация валюты,
Errand / assignment / instruction,Поручение,
On the instruction of / at the request of,По поручению чего?,
More effective response,Более эффективное реагирование,
The necessary response to…,Необходимость реагирования на что,
Response to the pandemic,Реагирование на пандемию,
Profitability,Доходность,
The most / particularly,Наиболее,
To feel / sense (imp),Ощущать,
To feel / sense (per),Ощутить,
Investment,Вложение,
Profitability of investment,Доходность вложений,
Rate of return,Уровень доходности,
It is deeply felt…,Это остро ощущается,
To feel anxiety,Ощущать тревОгу,
These consequences will be acutely felt…,эти последствия остро ощутят,
The pressure will be acutely felt…,давление остро ощутит,
He unintentionally revealed the truth,он невольно открыл правду,
"Stronghold, bulwark",Оплот,
In the near future,в скором будущем,
Highly likely he will turn down the offer,Весьма вероятно он отвергнет предложение,
They will turn down the amendments,Они отвергнут поправки,
It ended with failure,закончилась провалом,
They will ban…,Они запретят,
Maintenance/ upkeep,Содержание,
They will tell…,Они расскажут,
She will tell,Она расскажет,
I will seize,Я захвачу,
Winter maintenance of roads,Зимнее содержание дорог,
Addition to wages,Прибавка к зарплате,
Administrative burden,Административная нагрузка,
Study burden,Учебная нагрузка,
Emotional burden,Эмоциональная нагрузка,
To perceive / to take in (imp),Воспринимать,
To perceive / to take in (per),Воспринять,
Pretentious (adj),Пафосный,
To get out of (imp),Выбираться (из чего),
To get out of (per),Выбраться (из чего),
To move out of apartment,Выбираться / выбраться из квартиры,
To get out of a dangerous situation,Выбираться / выбраться из опасной ситуации,
To take in without emotion,Воспринимать / воспринять без эмоции,
To take too seriously,Воспринимать / воспринять слишком серьезно,
Measure of success,Мерило успеха,
Political persecution,Преследование по политическим мотивам,
Religious persecution,Преследование по религиозным мотивам,
Eco-agenda,экоповестка,
Eco-activist,Екоактивист,
Lobbyists of eco-agenda,лоббисты экоповестки,
"Change, turn, break",Перемена,
In very general terms…,В самых общих чертах,
Hardships of war,Бедствия войны,
Disaster area,Район бедствия,
Distress signal,Сигнал бедствия,
To cope with disaster,Справляться / справиться с бедствием,
I will ban / forbid,Я запрещу,
Crackdown on rights,Наступление на права,
,ловУшка,
To get out of a trap,Выбираться / выбраться из ловушки,
Tourist trap,Ловушка для туристов,
To set a trap,Ставить ловушку,
He fell into a trap,Он подал в ловУшку,
Rapid (adj),Стремительный,
Rapidly,Стремительно,
Sickness rate / number of cases,Заболеваемость,
On a large scale,С большим размахом,
To enlarge the scope of activity,Увеличивать / увеличить размах деятельности,
Transfer to a carbon-free future,переход к безуглеродистому будущему,
Right to accurate information,Права на точную информацию,
Founder,основатель,
Unprecedented (adj),Беспрецедентный,
Surveillance,слежка,
Surveillance target,Объект слежки,
Cohesion,сплочённость,
National cohesion,Национальная сплочённость,
Cohesion of the team,сплочённость команды,
Ready for change,Готов к переменам,
Significant change,Значительная перемена,
Unprecedented change,Беспрецедентная перемена,
Change for the better,Перемена к лучшему,
Change for the worse,Перемена к худшему,
Speed of change,Скорость перемен,
Close associates,Близкие соратники,
To determine / define (imp),Определять,
To determine / define (per),Определить,
They will answer,Они ответят,
Provider / supplier,поставщик,
Energy supplier,Энергический поставщик,
Supplier to army,Поставщик в армию,
Analyst,Аналитик,
Analysis,Анализ,
Entry,вступление,
How long will it take?,Как много времени это займет?,
We will complete…,Мы завершим…,
They will complete…,Они завершат,
I will complete…,Я завершу,
Air pollution,Загрязнение воздуха,
In the open air…,На открытом воздухе,
I have to be in work,мне придётся быть на работе,
Press credentials,Удостоверение журналиста,
ID card,Удостоверение личности,
A question of survival,Вопрос выживание,
Welcome!,Добро пожаловать!,
Take-away,на вынос,
Period of stagnation,Период застоя,
To lead to a stagnation in trade,Приводить к застою в торговле,
To be in a rut,Находиться в застое,
I am confident of success,Я уверен в успехе,
To expand production,Расширять / расширить производство,
To transfer (imp),Переносить,
To transfer (per),Перенести,
To transfer a prisoner,Переносить / перенести заключённого,
Highway,Шоссе,
Say hi to him,Передавай привет ему,
Towel,Полотенце,
Insurance policy,Страховой полис,
Payment,Платёж,
Truce,Перемирие,
Appeal / address (to?),Обращение (к чему?),
Shadow boxing,бой с тенью,
Restraint,сдержанность,
Cultural and historical value,Культурная и историческая ценность,
Key value,Ключевая ценность,
Business / commercial value,Коммерческой ценность,
Liberal values,Либеральные ценности,
Human values,Общечеловеческие ценности,
Value system,Система ценностей,
Built on values,Строиться на ценностях,
Approval,одобрЕние,
In the very near future,в самом близком будущем,
Six weeks,Шесть недель,
Several weeks,Несколько недель,
Superiors / management,начальство,
Tell him!,Скажи ему!,
Tell them!,Скажи им!,
“Under cover”,под прикрытием,
With logistic support,с тыловым обеспечением,
"If I had time, I would…","Если бы у меня было время, я бы (past tense)",
With her sister…,Со своей сестрой,
Justification / excuse,Оправдание,
To justify (imp),Оправдывать,
To justify (per),Оправдать,
From a legal point of view,с юридической точки зрения,
He is inclined / tends to…,Он склонен,
She is inclined / tends to…,Она склонна,
They are inclined / tend to…,Они склонны,
Capital investment,Вложение капитала,
To witness a signature,Заверять / заверить подпись,
To get an advantage over,Добиться преимущества над (чем?),
I can’t speak on behalf of those people,я не могу говорить от лица тех людей,
To intend to move on in life,Собираться жить дальше,
We all know,Все мы знаем,
We’ll all move on,все мы будем жить дальше,
The legislation was approved,законопроект был одобрен,
Even before the start…,еще до начала (чего),
Appeal / address to voters,Обращение к избирателям,
To lead to a truce,Приводить к перемирию,
Uneasy truce,Шаткое перемирие,
Temporary / provisional truce,Временное перемирие,
Unsteady / unstable / flimsy,Шаткий,
Influential (adj),влиятельный,
Suppression / repression,Подавление,
At the end of the street,В конце улицы,
Mutual destruction,взаимное уничтожение,
Retention,Удержание,
Precedent,Прецедент,
Distinction / difference,Различие,
Looter,Мародёр,
Looting,Мародёрство,
To loot,Мародёрствовать,
To define the course of the war,Определять / определить ход войны,
Certain assumptions,Определённые допущения,
Certain conditions,Определённые условия,
In certain conditions,В определённых условиях,
It will determine the future fate,Это определит дальнейшую судьбу,
Water reserves,Запас воды,
Reserves for emergency necessity,Запас в случае крайней необходимости,
Without wavering,Без колебаний,
Currency fluctuations,Колебание валюты,
Application was approved,заявление была одобрена,
Semblance / likeness,Подобие,
In the image of…,По подобию (чего?),
In the image of the Soviet Union,По подобию Советского союза,
Semblance of a truce,Подобие перемирия,
Semblance of progress,Подобие прогресса,
Semblance of equality,Подобие равенства,
To go beyond the scope,Выходить / Выйти за рамками…,
Not in the scope of the budget,За рамками бюджета,
Admission of failure,признание провала,
Admission of guilt,признание вины,
Admission of weakness,признание слабости,
To administer / extend assistance,Оказывать / оказать содействие,
Under assistance (of?),При содействии,
Voice / vote will be heard,голос будет услышан,
People doubt their voice will be heard,"Люди сомневаются, что их голос будет услышан",
I doubt their voice will be heard,"Я сомневаюсь, что их голос будет услышан",
Without precedent,Без прецедента,
To establish a dangerous precedent,Устанавливать / Установить опасный прецедент,
Legal precedent,Судебный прецедент,
To become legal precedent,Становиться / стать судебным прецедентом,
There is no such precedent,Такого прецедента нет,
Rise / beginning / origin,Возникновение,
Origin of a political movement,Возникновение политического движения,
Contribute to the rise / origin,Способствовать возникновению,
Blast wave,Ударная волна,
Sand,Песок,
Admiration,Восхищение,
To express admiration for you,Выражать / выразить восхищение за вас,
Saboteur,Диверсант,
Sabotage group,Диверсионная группа,
Acts of sabotage,Диверсионные акты,
To convince someone (imp),Переубеждать,
To convince someone (per),Переубедить,
How was he successfully won over?,Как удалось его переубедить?,
He won me over,Он переубедил меня,
I don’t have the aim or intention to win you over,у меня нет цель или намерения вас переубедить,
Intention,Намерение,
With good intentions,С добрым намерениями,
With the intention (of?),С намерением (чего?),
She has good intentions,У неё добрые намерения,
Fatigue,Усталость,
Ukrainian resilience,Украинская стойкость,
Single handedly,в одиночку,
"A position, which is impossible to hold","позиция, которую нельзя удержать",
I will keep my word,Я сдержу слова,
To keep / retain (imp),Удерживать,
To keep / retain (per),Удержать,
To resist / hold one’s ground,Удержаться,
To restrain / hold back (imp),Сдерживать,
To restrain / hold back (per),Сдержать,
To gain (imp),Одерживать,
To gain (per),Одержать,
To gain the upper hand over,Одержать верх над (чем/кем?),
To unite / rally (imp),Сплачиваться,
To unite / rally (per),Сплотиться,
European Union united because of this,Европейский союз сплотился из-за этого,
Beginning of the end,Начало конца,
Turning point in war,Перелом в войне,
Decisive turning point in war,Решающий перелом в войне,
Turning point in geopolitics,Перелом в геополитике,
Settler,Переселенец,
Anniversary of the creation of the USSR,Годовщина Создания СССР,
In the post-soviet space,В постсоветском пространстве,
The failure of Russian blitzkrieg has become obvious,Провал российского блицкрига стал очевидным,
Universal mobilisation,Всеобщая мобилизация,
I will search,Я обыщу,
He will search,Он обыщет,
They will search,Они обыщут,
Illegal search,Незаконный обыск,
Search warrant,Ордер на обыск,
To conduct a search,Проводить / провести обыск,
What is the likelihood / the chances,"Какова вероятность того, что",
What is the total debt?,Какова общая сумма долга?,
Of your own free will,по своей волю,
Not because I am not interested,"не потому что, мне не интересно",
"The kind of person, who","тот тип людей, который",
In any case,В любом случае,
I have in mind / I am thinking,Я имею в виду,
24 hour period,Сутки,
I see here…,Я здесь вижу,
Crazy (adj),безумный,
"So, ok / all right…","В общем, ладно",
Responsibility to Protect (R2P),Ответственность по защите,
In some cases…,В некоторых случаях…,
Roof,Крыша,
Atmosphere of repression,Атмосфера подавления,
Repression of activities of human rights organisations,Подавление деятельности правозащитных организаций,
To break / disturb / violate (imp),Нарушать,
To break / disturb / violate (per),Нарушить,
Consciously(adv),Сознательно,
To violate the norms of the international system,Нарушать / нарушить нормы международной системы,
To one degree or another…,в той или иной степени,
Entry talks,Переговоры о вступлении,
Flimsy justification,Шаткое оправдание,
Flimsy majority,Шаткое большинство,
On the order of / at the behest of…,По распоряжению (чего?),
On the orders of the military,По распоряжению Военных,
On orders of Soviet authorities,По распоряжению советских властей,
Financial upheavals,Финансовые потрясения,
Political upheavals,Политические потрясения,
It takes a little getting used to,К нему надо немного привыкнуть,
I am still getting used to life in London,Я всё ещё привыкаю к жизни в Лондоне,
I am used to…,Я привык…,
She is used to…,Она привыкла (к чему),
I will get used to the new climate,Я привыкну к новому климату,
She will get used to it,Она привыкнет к этому,
I am not quite ready,Я ещё не совсем готов,
He completely didn’t expected that,Он этого совсем не ожидал,
I don’t quite understand,Я не совсем понимаю,
National average,В среднем по стране,
On average per day,В среднем в день,
"But then again, who knows?","Впрочем, кто знает",
In the face of military threat,Перед лицом военной угрозы,
In the face of such prejudices,Перед лицом таких предрассудков,
In the face of such hardships,перед лицом таких трудностей,
As if to say,Словно говоря,
Evaluation / Appraisement,Оценивание,
He kept his word,Он сдержал своё слово,
To hold back inflation,Сдерживать / сдержать инфляцию,
To hold back the advance / attack,Сдерживать / сдержать наступление,
To keep one’s word,Сдерживать / сдержать своё слово,
"To hold back, curb a crisis",Сдерживать / сдержать кризис,
To hold back the flow of refugees,Сдерживать / сдержать поток беженца,
To hold back growth in prices,Сдерживать / сдержать рост цен,
To retain power,Удерживать / удержать власть,
To hold a position,Удерживать / удержать позиции,
To follow the example,Следовать / последовать примеру,
To answer a question,Отвечать / ответить на вопрос,
It will scare off,Это отпугнёт,
Extent of threat,Степень угрозы,
Depends on the extend of the threat,зависет от степени угрозы,
I’ll alert the boss that you’re here,"Я предупрежу босса, что вы здесь",
He was warned of the danger,Его предупредили об опасности,
Warning / notice / prevention,Предупреждение,
Measures to prevent,Меры по предупреждению,
Official notification,Официальное предупреждение,
He is rallying his party,Он сплачивает свою партию,
They closed ranks against us,Они сплотились против нас,
To rally / join (imp),Сплачивать,
To rally / join (per),Сплотить,
They will close ranks,Они сплотятся,
To rally around a candidate,Сплотиться вокруг кандидата,
The event united the whole group together,Событие сплотилось всю группу,
Situation united the family,Ситуация сплотила семью,
We all hope…,Мы все надеемся,
We all hope that in extremes we will come together,"все мы надеемся, что в крайности, мы сплотимся",
Good intentions,благие намерения,
He only has good intentions,У него есть только благие намерения,
I am not sure they have good intentions,"Я не уверен, что у них благие намерения",
To express intentions,Выражать / выразить намерения,
He has no intention of meeting,У него нет намерения встречаться,
He made his attentions clear,Он ясно выразил свои намерения,
To reveal one’s intentions,Открывать / открыть свои намерения,
It was done with the intention…,это было сделано с намерением (чего?),
To act in good faith,Действовать с добрыми намерениями,
Alright / come on,ну всё,
What’s the matter? / What’s going on?,В чём дело?,
Ring,Перстень,
To put emphasis on,Сделать упор на что?,
Alley / side street,Переулок,
Factoring in / Taking into account…,с учётом,
Ambush,Засада,
War of attrition,война на истощение,
Hidden / secret mobilisation,Скрытая мобилизация,
Turk,Турок,
Turks,Турки,
Kurdistan,Курдистан,
In social polling it says that…,"В социальных опросах говориться о том, что…",
Electricity bill,Счёт за электричество,
To lose face,Терять / потерять лицо,
To save face,Сохранить лицо,
His categoric denial,Его категорическое отрицание,
Denial of responsibility,Отрицание отвественности,
Denial of facts,Отрицание фактов,
To make an escape,Совершать / совершить побег,
Escape from prison,Побег из тюрьмы,
High demand for…,Большой спрос на что?,
No demand for these goods,На эти товары нет спроса,
To drive up demand,Увеличивать / Увеличить спрос,
Migration flows,Миграционный поток,
Stream of consciousness,Поток сознания,
Stream of words,Поток слов,
"To derive, to extract (imp)",Извлекать,
"To derive, to extract (per)",Извлечь,
To derive profit from…,Извлекать / извлечь выгоду из чего / кого,
To derive lessons from…,Извлекать / извлечь уроки из чего / кого,
To extract concessions from,Извлекать / извлечь концессию из чего / кого,
To derive benefit from…,Извлекать / извлечь пОльзу из,
They are deriving a lot of profit from the situation,Они извлекают много выгоды из ситуации,
I will learn a lesson from this,Я извлеку урок из этого,
They will extract concessions from Ukraine,Они извлекут уступки из Украины,
In the garden,В саду,
A few Chinese,Несколько китайцев,
A few Japanese,Несколько японцев,
A few Spaniards,Несколько Испанцев,
A few Belgians,Несколько бельгийцев,
A few Turks,Несколько Турок,
There is no money,Нет денег,
There was no time,Не было времени,
There will be no war,Не будет войны,
Quick change of events,Быстрая смена события,
Night shift,Ночная смена,
In all stages,На всех этапах,
At this stage,На данном этапе,
In the early stage…,На начальом этапе,
In the early stage of negotiations,На начальном этапе переговоров,
At that stage,На том этапе,
In the footsteps of / in the wake of,по следам (чего?),
Right to abortion,право на аборты,
Women of reproduction age,женщины репродуктивного возраста.,
Let’s just say…,скажем так,
To be jealous,Ревновать к чему?,
Jealousy,Ревность,
Satellite imagery,спутниковые снимки,
On the river bank,На берегу реки,
Gardener,Садовник,
On the bridge,На мосту,
On the floor,На полу,
In Crimea,На Крыму,
In battle,В бою,
In the corner,В углу,
On the corner,На углу,
Cities of Southern Africa,города Южной Африки,
Our passports,Наши паспорта,
Houses there are very expensive,дома там очень дорогие,
With many children,со многими детьми,
With many people,Со многими людьми,
"In such countries, like Britain…","В таких странах, как Британия",
All week…,Всю неделю,
All year,Весь год,
All summer…,Всё лето,
All night,Всю ночь,
All the way…,Всю дорогу…,
The entire route…,Весь маршрут,
All winter…,Всю зиму,
To take for granted,принимать как данность,
To try to find the road home,Искать дорогу домой,
To try to find the truth,Искать правду,
To try to find a flat,Искать квартиру,
To seek something,Искать (чего?),
To seek advice,Искать совета,
She wrote her husband a letter,Она написала своему мужу письмо,
To serve (imp),"Служить (чему, кому?)",
To serve (per),"Послужить (чему, кому?)",
To serve the people,Служить / послужить народу,
To wage war,Воевать (с кем),
To wage war on the side of,Воевать на стороне,
Democracies don’t go to war with each other,Демократии не воюют друг с другом,
Ukraine is at war with Russia,Украина воюет с Россией,
They are at war with each other,Они воюют друг с другом,
To have an opportunity to,Иметь возможность (+inf),
I have an opportunity to sit the exam,Я имею возможность сдать экзамен,
To have dealings with,"Иметь дело (с кем, с чем?)",
To have meaning for,"Иметь значение для (кого, чего?)",
To have the misfortune to,Иметь несчастье (+inf),
For me it has no significance,Для меня не имеет значения,
It has very important significance,Это имеет очень важное значение,
What is the significance of it?,Какое это имеет значение?,
To live in peace,Жить в мире,
With one point of view,с одной точки зрения,
"Formulaic, cliched (adj)",Шаблонный,
Cliched thought,Шаблонная мысль,
Ready-made views,Шаблонные взгляды,
One size fit all approach,Шаблонный подход,
There doesn’t exist a one-sized fits all approach,не существует шаблонного подхода,
Template solution,Шаблонное решение,
Formulaic answers,Шаблонные ответы,
Absence of critical thinking,Отсутствие критического мышления,
Merger,Слияние,
Take over bid,Предложение о слиянии фирм,
We are not afraid of failure,Мы не боимся неудачи,
Afresh,Заново,
Privately / in a private manner,частным образом,
Ignorance,Невежество,
In private companies,В частных компаниях,
Appropriately / as it should be,Должным образом,
Capital flight,Отток капитала,
To accelerate tax reform,Укорять / ускорить налОговую реформу,
The market is falling,Цены на рынке падают,
Fuel sector of the economy,Топливная отрасль экономики,
Petro-chemical sector of industry,Нефтехимическая отрасль промышленности,
Light industry,Лёгкая промышленность,
Food sector of industry,пищевая отрасль промышленности,
To make use of a market economy,Пользоваться рыночной экономикой,
Highly dependent on the flow of trade,Весьма зависит от потока торговли,
Qualified workforce,Квалифицированная рабочая сила,
Wide assortment of consumer goods,Широким ассортимент потребительских товаров,
"An idea, which ignores","Идея, которая игнорирует",
Fertile soil,Плодородная почва,
Packet of economic stimulus,Пакет экономических стимулов,
Tax stimulus,Налоговые стимулы,
Engine of economic growth,Двигатель экономического роста,
Engine of development,Двигатель развития,
Market economy,Рыночная экономика,
Mechanical engineering,Машиностроение,
Chances are… / most likely…,скорее всего,
Family obligation,Семейная обязанность,
"Infusion, injection (economics)",Вливание,
Injection of capital,Вливание капитала,
Injection of additional funds,Вливание дополнительных средств,
Credit infusion,Кредитное вливание,
Takeover of a company,Слияние компаний,
Bank takeover / merger,Банковское слияние,
Merger plan,План Слияния,
To finance,Финансировать,
To finance small business,Финансировать малый бизнес,
To finance the private sector,Финансировать частный сектор,
To finance social programmes,Финансировать социальные программы,
Dependent on oil sector,Зависит от нефтяной отрасли,
Dependent on production of food products,Зависит от производства пищевых продуктов,
Concentration of natural resources,Концентрация природных ресурсов,
To be in charge of,Руководить чем?,
To take a hard line against…,Занимать / занять жёсткую позицию против,
European Union is taking a hard line against Russia,Европейский союз занимает жёсткую позицию против Россией,
They will take a hard line against…,Они займут жёсткую позицию против,
They will take a similar position,Они займут аналогичную позицию,
Please don’t interrupt me,не перебывайте мне пожалуйста,
Sign / mark,Знак,
Preference,Предпочтение,
Ecology,Экология,
To guard / to protect (imp),Охранять,
To guard / to protect (per),Охранить,
Reserve / sanctuary,ЗаповЕдник,
Toxic (adj),Токсичный,
Renewable (adj),Возобновляемый,
Renewable energy,Возобновляемая энергия,
Recycling centre,Центр по переработке,
Use / benefit,Польза,
To be of benefit to…,Приносить / Принести пОльзу (чему? Кому?),
To threaten,Грозить (чему? Кому?),
Habits,Привычки,
I head the team,я возглавляю команду,
Cryptocurrency,Криптовалюта,
You are aware? You’re in the know?,Вы в курсе?,
Who is behind this?,Кто за этим стоит?,
Back on the agenda,вновь становится на повестку дня,
To appeal to / to turn to (imp),Обращаться к чему? К кому?,
To appeal to / to turn to (per),Обратиться к чему? К кому?,
To turn to the main problem,Обращаться / обратиться к главной проблеме,
Nonproliferation,Нераспространение,
Possession of nuclear weapons,Обладание ядерным оружием,
Possession / ownership,Обладание (чем?),
To lead to international tension,Приводить / привести к международной напряжённости,
Claim / complaint,Претензия,
To change approach,Изменять / изменить подход,
Immunity,Неприкосновенность,
Diplomatic immunity,Дипломатическая Неприкосновенность,
Tribes,Племена,
Perspective,Перспектива,
For each and everyone,для всех и каждого,
Deprived of immunity,Лишён неприкосновенности,
In addition to that,Помимо того,
Guarantee,Гарантия,
To strive for possession nuclear weapons,Стремиться к обладанию ядерным оружием,
To strive for friendly relations,Стремится к дружеским отношениям,
To strive for guarantee of immunity,Стремится к гарантии неприкосновенности,
To contribute to improvement of relations,Способствовать улучшению отношений,
Nuclear destruction,Ядерное уничтожение,
Allegedly,Якобы,
Push / shove,Толчок,
To give a push,Давать / дать толчок,
To give a push to the economy,Давать / дать толчок экономике,
It gave a push to development,Дало толчок развитию,
They gave a push to negotiations,Они дали толчок переговорам,
"To review, reconsider (per)",Пересмотреть,
"To review, reconsider (imp)",Пересматривать,
Nuclear arsenal,Ядерный арсенал,
"Importance, current, relevance",Актуальность,
Linked to,Связанный с (чем?),
Penetration,Проникновение,
Attack on infrastructure objective,Атака на инфраструктурный объект,
Attack on computer centre,Атака на компьютерный центр,
"To work up, to develop (imp)",Разрабатывать,
"To work up, to develop (per)",Разработать,
To develop a plan,Разрабатывать/ разработать план,
One’s own (adj),Собственный,
With one’s own eyes,Собственными глазами,
To develop own antivirus programmes,Разрабатывать / разработать собственные антивирусные программы,
To develop one’s own nuclear capability,Разрабатывать / разработать собственную ядерную способность,
After the cold war,После холодной воины,
Trident,Трезубец,
To express approval,Выражать / выразить одобрение,
Sign of approval,Знак одобрения,
To receive approval,Получать / получить одобрение,
With approval,С одобрением,
To contribute to economic development,способствовать экономическому развитию,
At the root / fundamentally,В корне,
To fundamentally review,В корне пересмотреть,
To fundamentally change,В корне изменять / изменить,
To fundamentally differ from,В корне отличаться от,
Tasks linked to risks,"Задачи, связанные с рисками",
Closely linked with,Тесно связанный с (чем?),
Questions linked to this,связанные с этим вопросы,
Problems linked to implementation,проблемы связанные с внедрением,
Dependence,"Зависимость (от чего, кого?)",
Issues linked to dependence on Russian gas,Вопросы связанные с зависимостей от российского газа,
To do under duress,Делать по принуждению,
Through coercion / under duress,По принуждению,
To lead to the collapse of,Приводить / привести к крушению (чего?),
Torrential rains,проливные дожди,
People evacuated from dangerous regions,Люди эвакуированы из опасных районов,
Earthquake,Землетрясение,
I don’t believe that,"Я не верю тем, что,",
Natural disaster,стихийное бедствие,
By means of…,Путём,
By whatever means…,Любым путём,
By the usual means…,Обычным путём,
To arrive at a decision by consensus,Прийти к решению путём консенсуса,
By means of negotiation,Путём переговоров,
Exploitation,Эксплуатация,
Update (computing),Обновление,
Dependent on support of the electorate,Зависит от поддержки избирателей,
To play by the rules,Играть по правилам,
To play by different rules,Играть по другим правилам,
By night,По ночам,
Local time,по местному времени,
Outside (of),Вне (чего?),
"Outside the home, away from home",Вне дома,
Located outside the control,находится вне контроля,
Susceptible (to),Падкий (на что?),
"Backer, patron, protector",Покровитель,
Crowd of people,толпа людей,
Crowd,Толпа,
Disputed territory,спорная территория,
Suspect,Подозреваемый,
This includes…,в том числе,
With china,С Китаем,
Against china,Против Китая,
Arranged marriage,брак по договорённости,
To interfere in,Мешаться в что,
Transfer of troops,Переброска войск,
Readiness for deployment,Готовность к переброске,
Deployment of troops to the border,Переброска войск к границе,
Plan of operational deployment,План оперативной переброски,
Order to deploy,Приказ на переброску,
To point to / to indicate (imp),Указывать на что,
To point to / to indicate (per),Указать на что,
"His behaviour points to that, that","Его поведение указывает на то, что",
"Evidence points to that, that","доказательство указывает на то, что",
Clearly points to…,Ясно указывает на (что?),
To search for the guilty,Искать виноватых,
All indicators point to a recession,все признаки указывают на спад,
The data points to this getting worse,"данные указывают на то, что ситуация ухудшается",
Homeless,Бездомный,
Toy,Игрушка,
Mediator / intermediate / facilitator,посредник,
Without a middle man,Без посредников,
To refrain from (imp),Воздерживаться (от чего?),
To refrain from (per),Воздержаться (от чего),
To abstain from voting,Воздерживаться / воздержаться от голосования,
To refrain from accusing,Воздерживаться / воздержаться от обвинения,
To reach / to achieve (imp),Достигать (чего?),
To reach / to achieve (per),Достигнуть (чего?),
To achieve / to obtain (imp),Добиваться (чего),
To achieve / to obtain (per),Добиться (чего),
To achieve one’s goals,Добиваться / добиться своих целей (чем?),
To achieve one’s aims through terrorist methods,Добиваться / добиться своих целей террористическими методами,
To achieve results,Добиваться / добиться результатов,
On the threshold of revolution,На пороге революции,
On the threshold,На пороге,
Country stands on the threshold of economic collapse,страна стоит на пороге экономического крушения,
To Reorientate,переориентировать,
Allow me…,Разрешите мне,
Allow me to express my condolences,Разрешите мне выразить мой соболезнования,
Condolences,Соболезнования,
Allow me to disagree with you,Разрешите мне не согласовать с вами,
Deepest sympathies,Глубокие соболезнования,
Identification,Опознание,
Identification of a suspect,опознание личности подозреваемого,
We are very grateful to you,мы очень признательны вам,
To cross the threshold,Перейти порог,
Simplicity,ПростотА,
In the hope / in the calculation,В расчёте,
Eavesdropping / wiretapping,Прослушка,
To not back down in front of difficulties,Не отступать / не отступить перед трудностями,
To back out of a contract,Отступать / отступить от контракта,
To back out of a decision,Отступать / отступить от своего решения,
To struggle with the consequences of the pandemic,Страдать от последствий пандемии,
To compensate,"Компенсировать (что, кому?)",
To circumvent laws,обойти законы,
Loopholes,Лазейки,
To make use of loopholes,Пользоваться / воспользоваться лазейками,
Customs officer,Таможенник,
Customs inspection,Таможенный осмотр,
Wouldn’t you say?,Вам не кажется,
To provoke (imp),Провоцировать,
To provoke (per),Спровоцировать,
Even then,"Даже тогда, когда",
In cases when…,"В тех случаях, когда",
Source of growth,Источник роста,
I will turn to that a little later,я обращусь к этому попоже,
Let’s turn to the facts.,Давайте обратимся к фактам,
To prepare the paperwork,Готовиться / подготовиться документы  (к чему?),
Leniency / indulgence,Терпимость,
Involvement / connection with,Причастность (к чему?),
Involvement with terrorist activity,Причастность к террористической деятельности,
Intelligence reports,Доклады разведки,
Intelligence reports point to…,"Доклады разведки указывают на то, что",
Intelligence services,разведывательные службы,
Intelligence officer,Разведчик,
Drawdown of troops,Вывод войск,
To rush / hurry to conclusions,спешить / поспешить с выводами,
To arrive at a conclusion,Прийти к выводу,
He is a diligent worker,Он усердный работник,
Essentially / in reality,В сущности,
True nature (of?),истинная сущность,
To reveal the true nature (of),Раскрывать / раскрыть истинную сущность,
Brief overview,Кратки обзор,
Market overview,Обзор рынка,
General overview,Общий обзор,
In this case it’s not relevant,к делу это не относится,
Present topic,Актуальный предмет,
To go through (imp),Проходить через,
To go through (per),Пройти через,
To go through many hardships,Проходить / пройти через большие трудности,
To go through the door,Проходить / пройти через дверь,
We went through the park,Мы прошли через парк,
To go through the process,Проходить / пройти через процесс,
"It’s hard to imagine, what you are going through (informal)","трудно представить, через что ты проходишь",
As soon as…,Как только…,
Deadlock / impasse,Тупик,
To exit / get out of a deadlock,Выйти из тупика,
To reach a deadlock,Зайти в тупик,
To find an exit from deadlock,Найти выход из тупика,
"To bring in, to introduce (imp)",Вводить,
"To bring in, to introduce (per)",Ввести,
To introduce a fashion,Вводить / ввести моду,
To bring into force,Вводить / ввести в силу,
To introduce a tax,Вводить / ввести налог,
To introduce restrictions,Вводить / ввести ограничения,
To introduce rules,Вводить / ввести правила,
To introduce a new wave of sanctions,Вводить / ввести новую волну санкции,
To introduce tariffs on,Вводить / ввести тариф на что?,
The heat has worn me down,Меня томил жара,
Borders were defined many years ago,границы были определены много лет назад,
To define the limit,Определять/ определить предел,
To define / to set one’s position,Определять / определить свою позицию,
To set the price,Определять / определить цену,
To define / identify the problem,Определять / определить проблему,
I don’t know where this leads,"я не знаю, куда это ведёт",
Russiaphobia,русофобия,
I have no choice,у меня нет выбора,
"Fairly, justly (adv)",справедливо,
To legalise / to legitimise (imp),Узаконивать,
To legalise / to legitimise (per),Узаконить,
To legitimise interference,Узаконивать / узаконить вмешательство (в что?),
His attempt to legitimise,Его попытка узаконить…,
To legitimise a regime,Узаконивать / узаконить режим,
To surrender / to yield (imp),Сдаваться,
To surrender / to yield (per),Сдаться,
Borrower / debtor,Заёмщик,
Seller,Продавец,
Final year school students,Выпускники,
So-called…,Так называемый,
Quote,Цитата,
To economise (imp),Экономить на чём,
To economise (per),Сэкономить на чём,
To save money,Экономить / сэкономить деньги,
Necessity to economise,Необходимость экономить,
Unwillingness,Нежелание,
Following from / after,Вслед за чем,
Luxury items,предметы роскоши,
Essential items,Предметы первой необходимости,
Scenery,Пейзаж,
We’ll be in touch,мы будем на связи,
Payment by instalments,Выплата в рассрочку,
Sale by instalment,Продаж в рассрочку,
Based on assumptions,основана на допущении,
At that moment I didn’t notice,В тот момент я этого не заметил,
To notice surveillance,Замечать / заметить слежку,
"By the way, I note…",кстати замечу,
To overlook a fact,"Не замечать / не заметить тот факт, что",
It is necessary to note,Необходимо заметить,
Allow me to note…,Разрешите мне заметить,
Suicide,Самоубийство,
In terms of male life expectancy,По продолжительности жизни мужчины,
Correction / repairing,Исправление,
For the correction of the situation,Для исправления положения,
Despite a large influx of immigrants,Несмотря на большой приток иммигрантов,
Influx,Приток,
To outstrip / to be ahead (imp),Опережать,
To outstrip / to be ahead (per),Опередить,
Census,Перепись,
According to the census,По данным переписи,
To be faced with a unique situation,Сталкиваться / столкнуться с уникальной ситуацией,
In historical terms,По историческим меркам,
From a geopolitical point of view,С геополитической точки зрения,
Month to month,месяц к месяцу,
Prediction,Предсказание,
Income tax,Подоходный налог,
Analysis of the current situation,Анализ текущей ситуации,
Series of problems,Ряд проблем,
Taxation,Налогообложение,
Taxpayer,Налогоплательщик,
Wind power,ветровая энергия,
Transition period,Переходный период,
It was embarrassing,Было стыдно,
Thanks to / owing to,"Благодаря (чему, кому?)",
Apparently,по всей видимости,
In the short term,в краткосрочной перспективе,
In the long term,в долгосрочной перспективе,
Long term (adj),Долгосрочный,
Short term,Краткосрочный,
Self-government,самоуправление,
Meeting without witnesses,Встреча без свидетелей,
To interrogate a witness,Допрашивать / допросить свидетеля,
In the absence of witnesses,За отсутствием свидетелей,
Witness tempering,Оказывать / оказать давление на свидетелей,
Witness to the crime,Свидетель преступления,
To cut / slice (imp),Резать,
In one’s favour,В свою пОльзу,
In his favour,В его пОльзу,
In confirmation (of),В подтверждение (чего?),
Documentary confirmation,Документальное подтверждение,
Confirmation of delivery,Подтверждение доставки,
Confirmation of payment,Подтверждение оплаты,
In the limits / bounds,В пределах,
In the boundaries of the budget,В пределах бюджета,
In the bounds of possibility,В пределах возможностей,
Within the boundaries of the city,В пределах города,
Within the boundaries of territorial waters,В пределах территориальных вод,
To go beyond the bounds of authority,Выйти за предел отвественности,
Beyond the boundaries of understanding,за пределами понимания,
Beyond the boundaries,за пределами,
Week in week out,Неделя за неделей,
Prophet,пророк,
To remind (imp),"Напоминать (кому, о чём)",
To remind (per),"Напомнить (кому, о чём)",
To remind yourself,Напоминать / напомнить себе,
Armed clash,Вооруженное столкновение,
To avoid clashes,Избегать / избежать столкновения,
Bloody clash,Кровавое столкновение,
Bloody (adj),Кровавый,
Sectarian clashes,Сектантские столкновения,
Sectarian,Сектантский,
Intercontinental,Межконтинентальный,
To lead to a clash,Приводить / привести к столкновению,
Clash of candidates,Столкновение кандидатов,
Hot spot of conflict,Очаг конфликтов,
Hotbed of disease,Очаг заболевания,
Hotspot of tension,Очаг напряжённости,
Cradle / hotspot of civilisation,Очаг цивилизации,
Cradle of Slavic civilisation,Очаг славянской цивилизации,
Hotspot of uprising,Очаг восстания,
I also heard about that,Я тоже слышал об этом,
Suffering,Страдание,
Swan song,Лебединая песня,
Hidding place,Тайник,
Foreign made car,Иномарка,
Accomplice / partner in crime,Сообщник,
Robbery,Грабёж,
Hijacking,Угон,
From nothing,С нуля,
Treachery / betrayal,Предательство,
Traitor,Предатель,
Sin,Грех,
Foresight,Дальновидность,
Farsighted,Дальновидный,
Generally speaking,Вообще говоря,
In other words,Говоря другими словами,
In crude terms,Грубо говоря,
In brief / briefly speaking,Коротко говоря,
Speaking between us,Между нами говоря,
Speaking frankly,Откровенно говоря,
No thinking of the future…,Не думая о будущем,
Without thinking twice,Недолго думая,
Thinking about it…,Думая об этом…,
"Assessing the situation, I consider","оценивая ситуацию, я считаю",
Coming to this question from a different angle…,подходя к этому вопросу с дрогой стороны,
Speaking (ger),Говоря,
Thinking (ger),Думая,
Living (ger),Проживая,
Living overseas,Проживая за границей,
Whilst living in Kyiv,Проживая в Киеве,
Living under Stalin,Проживая при Сталине,
Living under Putin,Проживая при Путине,
While not noticing…,Не замечая…,
To pass without noticing,Пройти не замечая,
While studying / by studying (ger),Изучая,
By studying history,Изучая историю,
Considering (ger),Учитывая,
Even considering this..:,Даже учитывая это,
Considering his reputation,Учитывая его репутацию,
Considering all factors,Учитывая все факторы,
Considering the circumstances,Учитывая обстоятельства,
"Considering the fact, that","Учитывая тот факт, что",
Found (PPP),Найден,
A body was found,тело было найдено,
Traces were found,Были найдены следы,
Remains were found,Были найдены останки,
The hiding place was found,тайник был найден,
These issues will be discussed,Эти вопросы будут обсуждены,
Your concerns / your worries,ваше беспокойство,
Discussed (PPP),Обсуждён,
Located / lies / situated (PPP),Расположен,
The town lies on the shore,Город расположен на берегу,
House located in a beautiful neighbourhood,Дом расположен в красной местности,
Flat is located…,Квартира расположена…,
School is located…,Школа расположена,
Hotel is well located,Гостиница удобно расположена,
Suspended / removed (PPP),Отстранён,
He was removed from power,Он был отстранён от власти,
They will be removed from government,Они будут отстранены от правительства,
Until that point when they are removed from power by their own party,"До тех пор, когда они будут отстранены от власти собственной партией",
Was removed from post,был отстранён от должности,
Destructive (adj),Разрушительный,
In the background / amid,На фоне,
Spring draft,Весенний призыв,
Autumn draft,Осенний призыв,
Incompetence,Некомпетентность,
Incapacity / inability,Неспособность,
Lack of skill / inability,Неумение,
He become more relaxed and open,Он стал более расслабленным и открытым,
I am proud of my military service,Я горжусь своей военной службой,
To be proud of / to take pride in (imp),Гордиться (чем?),
To be proud of your country,Гордиться своей родиной,
He is proud of you,Он гордится вами,
She takes pride in her work,Она гордится своей работой,
Proudly (adv),Гордо,
I am proud of the fact that I lived in Ukraine,"я горжусь тем фактом, что я жил в Украине",
I am proud of the fact,"Я горжусь тем фактом, что",
Mutual respect,Взаимное уважение,
Very nearly,Чуть было,
I very nearly forgot,Я чуть было не забыл,
Between us was a mutual respect,между нами было взаимное уважение,
Pension,Пенсия,
They have three sons,У них трое сыновей,
Youngest / younger,Младший,
We spent a couple of hours together,мы провели вместе пару часов,
The Hague,ГаАга,
The Netherlands,Нидерланды,
In The Netherlands,В Нидерландах,
Friendly (adj),Дружеский,
I fly out / leave,Я улетаю,
We are flying out / leave,Мы улетаем,
"Trace, sign, remain",След,
Softly / gently,Мягко,
With good connections,С хорошими связями,
What’s the point of this?,Какой в этом смысл?,
In the private sector,В частном секторе,
To join up for military service,Поступить на военную службу,
About childhood,про детство,
Speech therapist,логопед,
You will give (inf),Ты дашь,
From childhood,С детства,
To fob off with promises (imp),Кормить завтраками,
You are fobbing me off with promises,Вы кормите меня завтраками,
He just fobbed me off,Он меня просто кормил завтраками,
He came to us,к нам пришёл он,
My childhood,Моё детство,
To care about (imp),Заботиться (о чём?),
To care about (per),"Позаботиться (о чём, о ком?)",
I care about Ukraine deeply,Я забочусь о Украине глубоко,
To care about others,Заботиться / позаботиться о других,
To care about your health,Заботиться / позаботиться о своём здоровье,
He doesn’t care about anything,Он ни о чём не заботится,
I care about you,Я забочусь о тебе,
We care about your future,Мы заботимся о твоём будущем,
He really cares about all of you,он действительно заботится о всех вас,
Afford it / affordable,По карману,
I can’t afford it,Это мне не по карману,
To hit your pocket / cost the earth,Ударить по карману,
These taxes will hit the pocket of the poorest,эти налоги ударят по карману самых бедных,
To be affordable,Быть по карману,
Energy prices are hitting the pocket of all of us,Цены на энергию ударяют по карману всех нас,
To start from nothing,Начинать / начать с нуля,
It’s worth a shot / no harm trying,Попытка - не пытка,
To tighten (imp),Затягивать,
To tighten (per),Затянуть,
To tighten belts,Затягивать / затянуть пояса,
We will all tighten our belts this winter,все мы затянем пояса этой зимой,
The need to tighten our belts is obvious,очевидна необходимость затянуть наши пояса,
To keep afloat,Держаться на плаву,
Afloat,На плаву,
"They are worried, how they can stay afloat","Они переживают, как они могут держаться на плаву",
Window of opportunity,окно возможности,
A lot more complicated,Много сложнее,
This is crazy,Это безумно,
You have authority with kindness,У тебя есть авторитет с добротой,
Kindness,ДобротА,
That is not the case,это не так,
Isn’t it? / isn’t that right?,Не так ли?,
Savagery / wilderness,Дикость,
Joke,Шутка,
To joke (per),Шутить,
,Пиджак,
IT person,айтишник,
Very strange thing / case,очень странное дело,
At the end of the conversation,В конце разговора,
To keep up to date,держать в курсе,
I will keep you up to date,Я буду держать вас в курсе,
He kept me up to date,Он держал меня в курсе,
Suspicious (adj),подозрительный,
Suspicious circumstances,Подозрительные обстоятельства,
Suspicious vehicle,Подозрительный автомобиль,
Suspicious event,Подозрительное событие,
Regularity / pattern,закономерность,
To notice a pattern,Замечать / заметить закономерность,
Possible to notice patterns,Можно заметить закономерность,
Recollections of childhood,Воспоминания детства,
Recollections of youth,Воспоминания молодости,
Care / concern,Забота,
But is it really that simple?,но всё ли так просто?,
International society,Международное сообщество,
In the occupied parts (of?),на оккупированных частях (чего?),
At his request,по его просьбе,
Voting preferences,Избирательные предпочтения,
Weak justification,Слабое оправдание,
To find justification (for),Найти оправдание (для?),
To think up an excuse,Придумывать / придумать оправдание,
Sadly (adv),грустно,
To suffer at the hands (of),Страдать / пострадать от рук (чего?),
Fraudster,мошенник,
Ethics,Этика,
To be under doubt,Быть под сомнением,
In this there is no doubt,В этом нет сомнения,
Beyond all doubt,Вне всяких сомнений,
With doubts / with misgivings,С сомнениями,
To cast doubts / to call into question,Ставить / поставить под сомнение,
Case is worthy / deserves attention,Дело заслуживает внимания,
You deserve better / more,Вы заслуживаете большего,
To deserve additional consideration,Заслуживать / заслужить дополнительного рассмотрения,
Consideration / thought,Рассмотрение,
To deserve punishment,Заслуживать / заслужить наказания,
To deserve respect,Заслуживать / заслужить уважения,
He does not deserve trust,Он не заслуживает доверия,
It doesn’t bother me,это мне не мешает,
With a good reputation,С хорошей репутацией,
To give hope,Давать / дать надежду,
How are you feeling?,как настроение?,
It is urgent,Это срочно,
Before breakfast,Перед завтраком,
,Могила,
Rapid / fast appearance,Быстрое появление,
Since the emergence / advent of nuclear weapons,с появления ядерного оружия,
Since the emergence / advent,С появления,
Since the advent of social media,С появления социальных сетей,
Prior to the advent / emergence,До появления (чего?),
Prior to the advent / emergence of the internet,До появления интернета,
Cruel / brutal criticism,Жестокая критика,
Brutal truth,Жестокая правда,
Cruel joke,Жестокая шутка,
Research and analysis,Исследование и анализ,
Environmental research,Исследование в области окружающей среде,
Volume of research,Объём исследований,
Studies point to,"Результаты исследовании указывают (на то, что)",
Research shows,Исследование показывает,
Research and development,Исследование и разработок,
Absolute ignorance,Абсолютное невежество,
Authenticity,Подлинность,
Check of authenticity,Проверка подлинности,
A check was conducted,Проверка была проведена,
Checks will be conducted,Проверки будут проведены,
Zero tolerance,Нулевая терпимость (к чему?),
Zero tolerance towards corruption,Нулевая терпимость к коррупции,
Policy of zero tolerance,Политика нулевой терпимости,
To become a traitor,Становиться / стать предателем,
About the new boss,о новым начальнике,
We are recruiting,Мы вербуем,
He is recruiting,Он вербует,
They will describe,Они опишут,
I will describe,Я опишу,
I am recruiting,Я вербую,
We are complicating,Мы усложняем,
I am not justifying,Я не оправдываю,
It is growing,Это растёт,
They will correct / improvise,Они исправят,
I will correct,Я исправлю,
I am not deceiving you,Я не обманываю вас,
You’re tricking me?,Вы обманываете меня?,
We will not trick you,Мы не обманем вас,
I will allocate a budget,Я выделю бюджет,
I will find time / I will allocate time,Я выделю время,
We can’t force him to talk to us!,Мы не можем заставить его говорить с нами,
We will correct this injustice,Мы исправим эту несправедливость,
They are correcting their mistakes,Они исправляют свои ошибки,
Sometimes I find / detect…,Иногда я обнаруживаю…,
It is easy to spot…,Легко обнаружить…,
It allowes you to spot…,Позволяет обнаружить,
To offer to clients,Предлагать / предложить клиентам,
To offer services,Предлагать / предложить услуги,
To offer a range of options,Предлагать / предложить ряд возможностей,
I am simply offering you a range of options,Я просто предлагаю вам ряд возможностей,
I will not offer you guarantee,Я не предложу вам гарантию,
We will propose a new plan,Мы предложим новый план,
To propose a toast,Предлагать / предложить тост,
To offer creative solutions,Предлагать / предложить творческие решения,
Wise (adj),Мудрый,
Wise girl,Мудрая девушка,
To confirm authentication,Подтверждать / подтвердить подлинность,
Sign of fatigue,Признак усталости,
Fatigue from combat,Усталость от боя,
Gender differences,Гендерные различия,
For various reasons,По разным причинам,
Excuse / pretext,Предлог,
Pretext for escalation,предлог для эскалации,
Under pretext of,Под предлогом (чего?),
How come?,Как так?,
We will detain,Мы задержим,
To present options,Представлять / представить варианты,
With the aim,С целью,
With the aim of creating,С целью создания,
With the aim of ensuring,с целью обеспечения,
With what purpose?,С какой целью?,
It depends on the topic,это зависит от темы,
Confrontation,противостояние,
Lebanon,Ливан,
Channel / conduit,Канал,
Lever,Рычаг,
Levers of influence,рычаги влияния (на что),
To a certain extent,до определенной степени,
Up to a certain moment,до определенного момента,
Up to a certain age,до определенного возраста,
he is losing his levers of influence,он теряет свои рычаги влияния,
Tricky / delicate,Щепетильный,
Tricky question,Щепетильный вопрос,
Genocide,Геноцид,
At its core,в своей основе,
Under a false pretext,Под ложным предлогом,
Under the pretext of self preservation,Под предлогом самосохранения,
Maintenance of peace,Сохранение мира,
Under the pretext of maintaining peace,Под предлогом сохранения мира,
Wherever you look…,куда бы вы ни посмотрели,
Whichever way you go…,куда бы вы ни пошли…,
Which ever way I go…,куда бы я ни пошел,
Unwisely / foolishly,Неразумно,
Consistently,последовательно,
Harassment,Притеснение,
Like it used to be,как и когда-то,
It seems to be / sort of,Вроде бы,
Hypocrisy,Лицемерие,
Hypocritical,Лицемерный,
No worse than before,не хуже прежнего,
Soul,Душа,
Soul of a person,душа человека,
Arson,Поджог,
Malfunction / glitch,Сбой,
Applicant / candidate,соискатель,
Asylum seekers,соискателей убежища,
Harassment of immigrants,Притеснение иммигрантов,
Workplace harassment,притеснение на рабочем месте,
Police harassment,притеснение со стороны полиции,
Deep down / in my soul…,в глубине души,
Deep down he’s a good person,В глубине души он добрый человек,
"Except us, not a living soul knows about it",кроме нас ни живой души знает об этом,
Wholeheartedly / with my whole heart,от всей души,
I feel for you with my whole heart,я от всей души сочувствую вам,
Not a living soul,Ни живой души,
To lay oneself bare / open up,Открывать / открыть свою душу,
Argument in favour,Довод в пользу,
Main / basic argument,Основой довод,
Arguments for disarmament,Доводы в пользу разоружения,
As soon as you know…,как только вы узнаете,
As soon as you start…,как только вы начнете,
As soon as I can…,как только смогу,
As soon as I saw him,Как только я его увидел,
Mainly thanks to…,в основном благодаря (чем),
Mainly thanks to you,В основном благодаря вами,
Mainly thanks to foreign investment,В основном благодаря иностранным инвестициям,
Mainly because…,В основном потому что…,
He is mainly silent,в основном он молчит,
In the twenty first century,в двадцать первом веке,
Sensitive question / sore point,больной вопрос,
Visa free travel,Безвизовая поездка,
In the course of the trip,В ходе поездки,
During the trip,Во время поездки,
Are you ready for the trip?,Вы готовы к поездке?,
To prepare for a trip,Готовиться / подготовиться к поездке,
Business trip,Деловая поездка,
Have a safe trip!,Желаю приятной поездки,
To embark on a journey / trip,Отправиться в поездку,
Trip out of town,Поездка за город,
Fishing trip,Поездка на рыбалку,
"Deceiver, liar, cheat",обманщик,
"But deep down, you feel like a cheat",Но в глубине души вы чувствуете себя обманщиком,
But deep down I knew something wasn’t right,"Но в глубине души я знал, что что-то не так",
Warning signals / warning signs,Тревожные сигналы,
One after another,один за другим,
Economists one after another are warning,Экономисты один за другим предупреждают,
Nobody is stopping / preventing you,Вам никто не мешает,
Nobody will bother us here,здесь никто не нам будеть мешать,
With the aim to prevent,С целью помешать (чему / кому?),
To cause / inspire admiration,Вызывать / вызвать восхищение,
With admiration,С восхищением,
He feels awkward,Ему неловко,
I feel awkward / embarrassed,Мне неловко,
I feel embarrassed to talk about this,Мне неловко об этом говорить,
Try to guess!,попробуйте угадать!,
In these areas,В этих областях,
Freedom of assembly,свобода собраний,
About complexities (with what?),о сложностях с чем?,
To act alone,действовать в одиночку,
He acted alone,Он действовал в одиночку,
To work alone,Работать в одиночку,
You can’t manage alone,вам не справиться в одиночку,
Can Russia go it alone?,Справиться ли Россия в одиночку?,
On the verge of extinction/ disappearance,на грани исчезновения,
On the verge of bankruptcy,на грани банкротства,
Oh the verge of war,На грани войны,
Reduction of risk,снижение риска,
To lead to a reduction of risk,Приводить / привести к снижению риска,
Reduction in number (of?),снижение количества (чего?),
Reduction in number of marriages,снижение количества браков,
Reduction / lowering of average level of wages,снижение среднего уровня зарплаты,
It’s a place where dreams go to die,"Это место, куда мечта ходят, умерят",
On questions of cyber security,По вопросам кибербезопасности,
I was born,Я родился,
"So, where do begin?","И так, с чего начнём?",
You deserve kindness (inf),ты заслуживаешь доброты,
Trade Union,Профсоюз,
Role of trade unions,Роль профсоюзов,
Activities of trade unions,Деятельности профсоюза,
To confirm commitment to,Подтверждать / подтвердить свою приверженность к чему?,
Commitment to principles,Приверженность принципам,
Genuine commitment,Подлинная приверженность,
Commitment to democracy,Приверженность демократии,
Commitment to treaty,Приверженность договору,
Commitment to reform,Приверженность реформу,
Purchasing power,покупательная способность,
Natural ability,Природная способность,
To hide one’s abilities,Скрывать / скрыть свои способности,
Speech / performance / presentation,выступление,
First performance,Первое выступление,
Presidents address,Выступление президента,
Important speech / address,Важное выступление,
Reduction of level of unemployment,снижение уровня безработицы,
In my experience,по моему опыту,
G20,Большая двадцатка,
LGBT rights,Право ЛГБТ,
Leaflet,Листовка,
Drawings,рисунки,
According to which…,Согласно которому,
To help one another,Помогать / помочь друг другу,
To help developing countries,Помогать / помочь развивающимся странам,
Conference,Конференция,
At the conference,на конференции,
In poor conditions,в плохих условиях,
Regarding / Addressed towards,В адрес (чего?),
Threats regarding…,Угрозы в адрес (чего?),
Accusations regarding,Обвинения в адрес (чего?),
Hint / allusion,Намёк,
Hint of one’s intentions,намёк о своих намерениях,
To drop hints,Бросать / бросить намёки,
He is dropping hints,он бросает намёки,
She dropped a lot of hints,она бросила много намёков,
Point taken / I can take a hint,намёк понят,
To break a habit,Бросить привычку,
Bad habit,Вредная привычка,
Out of habit,По привычке,
They should be allowed…,им должно быть разрешено,
Far-sighted person,Дальновидный человек,
Far-sighted leader,Дальновидный руководитель,
Far-sighted / Visionary owner,Дальновидный владелец,
Complete repair / refurbishment,Ремонт с нуля,
To build from scratch,Строить с нуля,
Practically from nothing,практически с нуля,
Stream of abuse,Поток оскорблении,
Bulletin board / news board,Доска объявлений,
Declaration of martial law,Объявление военного положения,
Declaration about an emergency situation,Объявление о чрезвычайном положении,
Close associate,Близкий соратник,
Closest associate,Ближайший соратник,
The main consideration,Основное соображение,
In light of these considerations,В свете этих соображений,
For safety reasons / considerations,из соображений безопасности,
On humanitarian grounds,по гуманитарным соображениям,
Identification of a body,Опознание тела,
False identity,Ложное опознание личности,
Price range,ценовой диапазон,
Wide range of possibilities,широкии диапозон восможностей,
Sins / errors of youth,Грехи молодости,
Happy Christmas!,с Рождеством!,
I have a tattoo of a trident,У меня татуировка Тризуба,
Tattoo,татуировка,
,тризуб,
To take away / remove (imp),Уносить,
To take away / remove (per),Унести,
To act jointly with / to collaborate with,Действовать совместно (с кем?),
To take a decision jointly,Принять решение совместно,
Anti-Russian sentiment,Антироссийские настроение,
To be in high spirits / happy,Быть в весёлом настроении,
To be in a bad mood,Быть в плохом настроении,
She was in a bad mood,Она была в плохом настроении,
To be in celebratory mood,Быть в праздничном настроении,
They were in a celebratory mood,Они были в праздничном настроении,
Are you in a bad mood?,вы в полоком настроении?,
Mood on the streets,Настроение на улицах,
Mood / temperament of the markets,Настроение рынка,
He is always in a good mood,Он всегда в хорошем настроении,
Pro-Russian sentiment,Пророссийские настроение,
Oath,Клятва,
Oath of loyalty,Клятва верности,
Loyalty to principles,Верность принципам,
Loyalty to duty,Верность долгу,
Loyalty to values,Верность ценностям,
Give / take an oath of loyalty,Давать / дать клятву верности,
To remain true / keep loyalty,"Сохранить верность (чему, кому?)",
Retention of power,Удержание власти,
Customer / client retention,Удержание клиентов,
Rebellion broke out,вспыхнуло восстание,
Armed uprising,Вооружение восстание,
An uprising began,Началось восстание,
Uprising against…,Восстание против (чего?),
Civil insurrection / civilian uprising,Гражданское восстание,
Measures to suppress uprising,Меры по подавлению восстаний,
To suppress an uprising,Подавлять / подавить восстание,
Name of the book,Название книги,
Name of the street,Название улицы,
I forgot the name of the street,"Я забыл название улицы,",
Promising project,перспективный проект,
Promising (adj),Перспективный,
Promising outlook,перспективный прогноз,
Promising objective,Перспективный объект,
To receive permission / permit,Получать / получить разрешение,
To give permission,Давать / дать разрешение,
With your permission,С вашего разрешения,
With the permission of the author,С разрешения автора,
At least partially,хотя бы частично,
In roughly three weeks,Примерно через три недели,
In roughly two days,Примерно через два дня,
In roughly five minutes,Примерно через пять минут,
At roughly the same time,Примерно в то же время,
Roughly like / something like…,Примерно так…,
In particular by / by means of…,В частности путём,
In particular in relation…,В частности в отношении (чего?),
In particular in connection with,В частности в связи (с чем?),
Almost certainly,Почти наверняка,
To know for certain,Знать наверняка,
You’re certainly aware…,Наверняка знаете…,
One thing is for certain,одно можно сказать наверняка,
Escape plan / rescue plan,план спасения,
Several shots,несколько выстрелов,
Sound of gunfire,звук выстрела,
With the aim to guarantee,с целью гарантировать,
To guarantee security / safety,гарантировать безопасность,
Rest of the day,Остаток дня,
We spent the rest of the day,Мы провели остаток дня,
Unsurprisingly,Неудивительно,
To listen carefully,Слушать внимательно,
I listened carefully,Я внимательно слушал,
To listen to music,Слушать музыку,
He didn’t listen to my offer,он не слушал мое предложение,
I am listening carefully,Я внимательно вас слушаю,
You are not listening to me!,Вы меня не слушаете,
"Continue, I am listening","Продолжайте, я слушаю",
Child care,забота о детях,
Data transfer,передача данных,
Transfer of information,передача информации,
Transfer of power,передача власти,
Transmission of signals,передача сигналов,
Allocation of resources,распределение ресурсов,
Fair distribution / allocation,справедливое распределение,
Allocation of responsibilities,распределение обязанностей,
Geographical distribution,географическое распределение,
Brain damage,Повреждение мозга,
Liver damage,повреждение печени,
To cause brain damage,Вызывать / вызвать повреждение мозга,
To express appreciation,Выражать / выразить признательность,
With gratitude,с признательностью,
Allow me to express my sincere appreciation,Разрешите мне выразить свою истинную признательность,
I am grateful,я признателен,
Deep gratitude,Глубокая признательность,
We express our deep gratitude for your help,Мы выражаем нашу глубокую признательность за вашу помощь,
Creative solutions,Творческие решения,
Creative interaction / cooperation,творческое взаимодействие,
Submission of documents,подача документов,
Submission of application,подача заявки,
Effective response,эффективное реагирование,
Overreaction,слишком острое реагирование,
To turn to some for help,Обращаться/ обратиться к кому-нибудь за помощь,
To consult a doctor,Обращаться / обратиться к врачу,
To contact a lawyer,Обращаться / обратиться к юристу,
To cause concern,Вызывать / вызвать беспокойство,
To cause a counter reaction,Вызывать / вызвать ответную реакцию,
To cause a crisis,Вызывать / вызвать кризис,
It will cause a counter reaction,Это вызовет ответную реакцию,
It is causing panic,Вызывает панику,
It will cause a split,Вызовет раскол,
Unfamiliar topic,Незнакомая тема,
Leave was really good for me,Отпуск принёс мне огромную пользу,
This practice is really good for me,Эта практика приносит мне пользу,
It will be good for me to speak in Russian,Мне будет полезно говорить по-русски,
The lessons make a real difference,Уроки приносят реальную пользу,
It did not do me any good,это мне не принёс пользу,
To cope with stress,Справляться / справиться со стрессом,
He will manage with it,Он с этим справится,
To relax after work,Расслабляться / расслабиться после работы,
I will relax after it’s finished,"Я расслаблюсь после того, что это закончится",
It’s hard to fully relax,Трудно полностью расслабиться,
Way to relax / unwind,Способ расслабиться,
Ideal way to relax,Идеальный способ расслабиться,
My favourite way to unwind is to read,Мой любимый способ расслабиться- чтения,
Absolutely no!,Да нет!,
Bulletin / roundup,сводка,
To listen sympathetically,Слушать сочувственно,
To look towards the door,Смотреть в сторону двери,
To look into something,Рассмотреть это дело,
To turn to somebody for advice,Обращаться / обратиться  к кому-то за совет,
To recall (imp),Вспоминать,
To recall (per),Вспомнить,
To recall a name,Вспоминать / вспомнить имя,
To recall in detail,Вспоминать / вспомнить в деталях,
I remember clearly what he said,"я ясно вспонимаю, что он сказал",
He could not remember in detail,Он не в деталях вспомнил,
I need time to reflect,"Мне нужно время, чтобы подумать",
To remember (imp),Поминать,
To remember (per),Помнить,
To remember events,Поминать / помнить события,
I will remind you,Я напомню вам,
He reminded me of my promise,Он напомнил о моём обещании,
Remind him!,Напомните ему!,
That reminds me…,Это напоминает мне…,
What does that remind you of?,Что это вам напоминает?,
You are deceiving yourself,Вы обманываете самого себя,
He tried to device us,Он пытался обмануть нас,
To stop talking,Прекращать / прекратить разговор,
To stop a game,Прекращать / прекратить игру,
To repeat (imp),Повторять (ся),
To repeat (per),Повторить (ся),
To repeat a mistake,Повторять / повторить ошибку,
To repeat one’s question,Повторять / повторить свой вопрос,
To repeat again and again,Повторять / повторить снова и снова,
We will repeat the same mistake,Мы повторим такую ошибку,
They are repeating the same mistakes again and again,Они повторяют такие же ошибки снова и снова,
I repeated my question,Я повторил свой вопрос,
Could you please repeat your question?,Не могли бы вы повторить свой вопрос?,
To pause,Делать / сделать паузу,
To pause briefly,Делать / сделать короткую паузу,
To postpone (imp),Откладывать,
To postpone a meeting,Откладывать собрание,
To reluctantly postpone,Откладывать с неохотой,
To arise / occur,Возникать,
Difficulties arise,Возникают трудности,
Questions arise,Возникают вопросы,
Opportunities arose / emerged,Возникли возможности,
Obstacles emerged,Возникли препятствия,
To begin again,Заново начинать / начать,
To begin late,Начинать поздно,
To begin to understand,Начинать / начать понимать,
We are beginning again,Мы начинаем заново,
Silently / quietly,Бесшумно,
In hot pursuit / hot on the trail,по горячим следам,
on the wrong track,по ложному следу,
Rule of law,господства права,
Domination over…,господства над (чем?),
"Appearance, look",Внешность,
To get lost / confused (per),Растеряться,
Out of awkwardness,от неловкости,
In a wheelchair,в коляске,
Composure,Собранность,
Nagorno-Karabakh,Нагорный Карабах,
Lachin corridor,лачинский коридор,
Azeris,азербайджанцы,
Armenians,армяне,
Temporary suspension,временная приостановка,
Suspension,Приостановка,
Package tour,путёвка,
Maybe I will begin to understand,"может быть, я начну понимать",
To last forever,Длиться / продлиться вечно,
To go on forever,Продолжаться / продолжиться вечно,
Nothing if forever,ничто не вечно,
With great precision,с большой точностью,
Pillar / Bulwark of peace,оплот мира,
One of the main strongholds,Одно из главных оплотов,
Thoroughly (adj),Тщательный,
It was thoroughly planned,было спланировано тщательно,
To come to terms with (per),смириться (с чем?),
To come to terms with it,С этим смиряться / смириться,
He will come to terms with the facts,Он смирится с фактами,
Humility / humbleness,Смирение,
To approach the task with humility,подойти к задаче со смирением,
Good looks,симпатичная внешность,
Appearances are deceptive,внешность обманчива,
With your appearance,с твоей внешностью,
I admire his resilience,я восхищаюсь его стойкостью,
To admire (imp),"восхищаться (чем, кем)",
I admire,я восхищаюсь,
Underestimate of causality numbers,Недооценка числа потера,
Powerful push,мощный толчок,
To give the first push,Давать / дать первый толчок,
Gentle push / nudge,Лёгкий толчок,
Special envoy,специальный посланник,
‘First rate’,Перый сорт,
Suspension of war operations,Приостановка военных действий,
Temporary accommodation,временное проживание,
Expenditure on accommodation,расходы на проживание,
Residence permit,разрешения на проживание,
Repatriation to homeland,возвращение на родину,
Return home / homecoming,возвращение домой,
Repatriation / return of refugees,возвращение беженцев,
I admire your loyalty,Я восхищаюсь вашей верностью,
I admire your confidence,Я восхищаюсь вашей уверенностью,
She is pregnant,она беременна,
To be born,Родиться,
The baby is due…,Малыш должен родиться,
Baby,Малыш / малыша,
Sunny spring day,солнечный весенний день,
Needs to be replaced,необходимо заменить,
He will be hard to replace,Его не легко заменить,
To dump on the scrape heap,Выбрасывать / выбросить на свалку,
To put out of one’s head,Выбрасывать / выбросить из головы,
To throw out on the street,Выбрасывать / выбросить на улицу,
Forget about it / move on!,Выбрось из головы,
Image / depiction,Изображение,
With image of / depicting,с изображением (чего?),
Image shows…,изображение показывает,
For technical reasons,По техническим причинам,
"Here, probably, is the main difference","Вот, пожалуй, главное отличие",
Did the city become different?,город стал другим?,
In almost every shop,Почти в каждом магазине,
Simple explanation,Простое объяснение,
To take responsibility,Брать ответственность на себя,
No McDonalds but there is buckwheat,"Никакого МакДональдса, но есть гречка",
To go in her tracks,Ходить / идти по её следам,
Board of trustees,Совет попечителей,
Jump in prices,Скачок цен,
Leap forward,скачок вперед,
Sad day,Печальный день,
Sad story,Печальная история,
Sad news,Печальная новость,
Such a sad story,такая печальная история,
We are all feeling / we all share,все мы ощущаем,
The difference is…,различие заключается,
The only difference,единственное различие,
Main rival,главный соперник,
Rival team,команда соперника,
Changing sides,переход на сторону соперников,
Nobody can deny,никто не может отрицать,
To deny one’s involvement,отрицать свою причастность,
It may sound like…,это может звучать как…,
It may sound like a simple task,это может звучать как простая задача,
Sounds pretty good to me,звучит довольно хорошо для меня,
What led you to this moment?,что привели вас к этому моменту,
How did you come to this decision?,как вы пришли к этому решению,
Tsunami,Цунами,
I am noticing,я замечаю,
I will notice,я замечу,
To influence results,Влиять / повлиять на результаты,
To influence the decision,Влиять / повлиять на решение,
To influence the security,Влиять / повлиять на безопасность,
To complete the process,Завершать / завершить процесс,
To complete development,Завершать / завершить разработку,
To complete the work on…,Завершать / завершить работу над (чем / кем),
Actually / more precisely,Вернее,
That’s it.,вот и всё,
To sound true,Звучать правдиво,
To sound like fun,Звучать весело,
To sound like a threat,Звучать как угроза,
This sounds like a threat,Это звучит как угроза,
To communicate with one another,общаться друг с другом,
To communicate with different people,общаться с другими людьми,
To chat with friends,общаться с друзьями,
In a friendly way,по-дружески,
To communicate on friendly terms,Общаться по дружески,
Russia today is changing,Россия сегодня меняется,
Today is happening…,Сегодня происходит…,
In different spheres of life,В разных сферах жизни,
With me is an expert,Со мной эксперт,
Range of flight,дальность полета,
Range of fire,дальность стрельбы,
Short and medium range weapons,оруже средней и меньшей дальности,
Medium range missile,ракет средней дальности,
With the aim of preserving,с целью сохранения,
The need / necessity of preservation,необходимость сохранения,
Including through / by means of…,в том числе путём,
Including in the framework,в том числе в рамках,
Including in the field (of),в том числе в области (чего?),
Including with the help (of?),в том числе с помощью (чего?),
In contrast to many (?),в отличие от многих (чего / кого?),
In contrast to previous (?),в отличие от предыдущих (чего / кого?),
In contrast to traditional approaches,в отличие от традиционных подходов,
In contrast to previous approaches,в отличие от предыдущих подходов,
In contrast to previous meetings,В отличие от предыдущих встреч,
Turmoil / confusion,Смута,
Draftee / conscript,срочник,
That’s entirely the point!,в этом весь смысл,
It makes no sense,в этом нет никакого смысла,
Something went wrong,что-то пошло не так,
Something was wrong,что-то было не так,
There’s something wrong with him,с ним что-то не так,
If anything goes wrong,если что-то пойдёт не так,
Great to hear!,приятно слышать,
I have never heard about,Я никогда не слышал об,
To reconsider relations,пересматривать / пересмотреть отношение,
To review data,пересматривать / пересмотреть данные,
To reconsider / revise priorities,Пересматривать / пересмотреть приоритеты,
To reconsider your views,Пересматривать / пересмотреть свои взгляды,
To give one days notice,Предупреждать / предупредить за один день,
He was given an hours notice,Его предупредили за час,
To give advance notice,Предупреждать / предупредить заранее,
To get in the way / be in the way,мешаться под ногами,
I don’t want to get in the way,Я не хочу мешаться под ногами,
To interfere with the plan,Мешать плану,
To hinder / interfere with doing,Мешать сделать,
I’ll leave you be / I’ll leave you to it,Вам не буду мешать,
What is stopping you?,Что вам мешает?,
Am I disturbing you?,Я вам не мешаю?,
In connection with the worsening…,в связи с обострением,
Worsening relations,обострение отношений,
Thorough examination,тщательное обследование,
Tolerance and respect (of),терпимость и уважение (чего?),
To exercise / show / demonstrate (imp),проявлять,
To share personal experiences,Делиться / поделиться личным опытом,
He doesn’t share his plans with anyone,Он ни с кем не делится своими планами,
I am not sharing this with you,Я ни с вами не делюсь этим,
We are sharing a lot with you already,Мы с вами уже делимся многими,
To share with one another,делиться / поделиться друг с другом,
Looks like it’ll rain,"Кажется, будет дождь",
It seems he’s right,"Кажется, что он прав",
It seems they know what they’re doing,"Кажется, что они знают, что делают",
It would seem…,Казалось бы…,
It seems we’ve met before,"Мы, кажется, встречались",
To be actively involved in,Активно заниматься / заняться,
He is busy with / studying English,Он занимается английским языком,
Five years I’ve been studying Russian language,Уже пять лет я занимаюсь российским языком,
He was engaged in spying for the USA,Он занимался шпионажем в пользу США,
To regularly engage in,Регулярно заниматься,
What do you do professionally?,Что вы занимаетесь профессионально?,
What is he doing now?,Чем он занимается сейчас?,
What have you been up to? (inf?),Чем ты занимался всё это время?,
To be in business,заниматься бизнесом,
It will take a long time,займёт много времени,
It won’t take long,это не займёт много времени,
I’ll get on this / sort this,займусь этим,
I’ll get onto this right now,займусь этим прямро сейчас,
To be interested in (imp),Интересоваться (чем?),
To be interested in (per),Заинтересоваться (чем?),
He’s not interested in anything outside of work,Вне работы он ничего не интересует,
He takes no interest in his work,Он совсем не интересуется своей работой,
She is very interested in art,Она очень интересуется искусством,
I run a team,Я руковожу командой,
At dawn,с рассветом,
To become part of,становиться / стать частью,
To exercise / show / demonstrate (per),Проявить,
To exercise self restraint,Проявлять / проявить сдержанность,
It is necessary to exercise self restraint,необходимо проявить сдержанность,
Sex change,перемена пола,
Encrypted app,защищённое приложение,
To use an encrypted application,пользоваться защищённым приложением,
I will definitely do it tomorrow,Я обязательно займусь этим завтра,
Think for yourself! (Inf),Думай сам!,
Don’t even think about it! (Inf),Даже не думай об этом!,
It was not simple / easy,было непростым,
It will become part of…,станет частью,
It will become a big part of,Станет большой частью,
To show exercise greater flexibility,Проявлять / проявить больше гибкости,
To show / exercise caution,проявлять / проявить осторожность,
We will exercise caution,мы проявим осторожность,
All the way home,всю дорогу до дома,
All the way from beginning to end,всю дорогу от начала до конца,
In a sign of protest against…,в знак протеста против,
To show an interest in,Проявлять / проявит интерес к чему / кому?,
He is showing a little interest in our offer,Он проявляет небольшой интерес к нашему предложению,
He is showing interest in her,Он проявляет интерес к ней,
We don’t want them to show interest in us,"мы не хотим, чтобы они проявили интерес к нам",
Sky,Небо,
Skyscraper,небоскреб,
Drone,Беспилотник,
"Even in those cases, when","даже в тех случаях, когда",
In particular in those cases…,в частности в тех случаях,
Holding in custody,содержание под стражей,
Temporary detention,временное содержание,
Temporary detention centre,Центр временного содержания,
Most cheap option,самый дешёвый вариант,
Child maintenance,содержание детей,
To pay child support,заплатить на содержание детей,
"Don’t worry, I’ll stay with you (inf)",Не волнуйся. Я останусь с тобой.,
I definitely won’t stay,я точно не останусь,
It’s profitable saving for the long term,Это выгодно сбережение на долгосрочную перспективу,
On board,на борту,
Tower,Башня,
At a minimum…,По меньшей мере,
On board the plane,На борту самолёта,
On board the ship,на борту судна,
Morning is wiser than evening,Утро вечера мудренее,
Exhaustive / comprehensive,исчерпывающий,
Comprehensive analysis,исчерпывающий анализ,
Comprehensive instructions,Исчерпывающая инструкция,
By email,По электронной почте,
It involves a number of risks,сопряжено с рядом рисков,
It involved certain risks,сопряжено с определенными рисками,
It involves notable difficulties,сопряжено со значительными трудностями,
It involves / it carries…,сопряжено с чем?,
To asses how big the risks are to you personally,оценить насколько риски велики лично для вас,
With a high probability / certainty,с большой вероятностью,
New wave of mobilisation,Новая волна мобилизации,
Since the start of the year,С начала года,
Initiation of criminal proceedings,возбуждение уголовного дела,
After full-scale Russian invasion,После полномасштабного вторжения,
Slander,Клевета,
Internal passport,Внутренний паспорт,
International passport,загранпаспорт,
Certificate / reference,Справка,
Medical certificate,Медицинская справка,
Of course / certainly,разумеется,
We’ve reached a deadlock,мы зашли в тупик,
To gift / to bestow,Дарить,
To send / submit (imp),Отправлять,
To send / submit (per),Отправить,
To promise,"Обещать (что, кому?)",
"It won’t hurt, I promise","Больно не будет, обещаю",
You promised to keep quiet / not tell,Ты обещал молчать,
To promise to keep quiet,Обещать молчать,
Promise that you won’t tell anyone!,"Обещайте, что никому не расскажете!",
You’re permitted to meet with me?,Тебе разрешено встретиться со мной?,
To call for peace,Призывать к миру,
To call a strike,Призывать к забастовке,
To call for calm,Призывать к спокойствию,
Contrary to…,Вопреки (чему?),
Despite all difficulties…,Вопреки всем трудностям,
Despite all obstacles,Вопреки всем препятствиям,
To arrive at (imp),приходить к (чему?),
To arrive at (per),Прийти к (чему?),
Come and see us some time!,Приходите к нам как-нибудь,
I am happy with the result,я доволен результатом,
"I am satisfied, that we have agreed everything","Я доволен, что мы обо всём договорились",
Are you satisfied now?,Вы теперь довольны?,
In retirement,в отставке,
Retired,Отставной,
Common sense,здравый смысл,
Based on common sense,на основе здравого смысла,
,Слон,
,Верблюд,
,Осёл,
,Зебра,
,Олень,
,Коза,
,Овца,
Many sheep,много овец,
Veracity / truthfulness,Истинность,
To doubt,Сомневаться (в чём?),
Caesarean section,кесарево сечение,
Emergency caesarean section,экстренное кесарево сечение,
Foothold / bridgehead,Плацдарм,
As a foothold / springboard,в качестве плацдарма,
Broad interpretation,широкая трактовка,
Lie in ambush / lie in wait,находиться в засаде,
News roundup,сводка новостей,
You can be sure of one thing,В одном можно не сомневаться,
Nobody doubts this,В этом никто не сомневается,
"There is no doubt, that…","Никто не сомневается, что",
To doubt the veracity of a story,Сомневаться в истинности истории,
To doubt the honesty (of who?),Сомневаться в честности (кого?),
I have no doubt about it,Я в этом не сомневаюсь,
It won’t lead to any good,это ни к чему не хорошему приведёт,
A week before…,"за неделю до того, как",
,Израиль,
,Палестина,
Israeli (m),Израильтянин,
Israeli (f),Израильтянка,
Palыestinian (m),Палестинец,
Palestinian (f),Палестинка,
If the good weather holds,Если удержится хорошая погода,
I couldn’t resist,не мог удержаться,
To remain within the framework of,Удержаться в рамках,
Nappy,подгузник,
To change a nappy,Сменить подгузник,
I am changing a lot of nappies,Я меняю много подгузников,
I changed his nappy,я сменил ему подгузник,
To change clothes,Переодеться,
To gossip,Сплетничать,
To enter / enroll / to act,Поступить,
To start / enrol in university,Поступить в университет,
To start / enrol at school,Поступить в школу,
Court order,судебный приказ,
Irritation,Раздражение,
To cause irritation,Вызывать / вызвать раздражение,
To begin to feel annoyed,Начинать раздражаться,
I am starting to get annoyed,я начинаю раздражаться,
To not annoy one another,Не друг друга раздражать,
To take literally,Буквально воспринимать / воспринять,
To be perceived with respect,Воспринимать / восприять с уважением,
"You want to be taken seriously, with respect","вы хотите, чтобы вас воспринимали серьезно, с уважением",
She wasn’t taken seriously,её не воспринимали серьёзно,
To positively take criticism,Позитивно воспринимать / воспринять критику,
I don’t take him seriously,Я его не воспринимаю всерьёз,
Seriously (adv),всерьёз,
To be taken seriously,Воспринимать/ воспринять всерьёз,
To seriously think about,всерьез задуматься,
I didn’t mean it,я не сказал всерьез,
Are you being serious? / do you mean it?,Вы это всерьёз?,
,Дмитрий Анатольевич Медведев,
,Сергей Нарышкин,
,Игорь Оле́гович Костюков,
,Алекса́ндр Васи́льевич Бо́ртников,
,Борис Абрамович Березовский,
Prime minister of Russia,Михаил Владимирович Мишустин,
Amid controversy / disputes,на фоне споров,
To hide irritation,Скрыть раздражение,
He hid his irritation,он скрывал свое раздражение,
I couldn’t hide my irritation,я мог бы скрыть свое раздражение,
With irritation,С раздражением,
What’s the gossip?,О чём там сплетничают?,
To gossip behind one’s back,Сплетничать за спиной,
In order of preference,В порядке предпочтения,
In a similar situation,В подобной ситуации,
Things like this…,вещи подобного рода,
Something similar,нечто подобное,
Something similar happened to me,Нечто подобное случилось со мной,
There is nothing like that,ничего подобного нет,
Did you hear what happened?,"Вы слышали, что случилось?",
To this point we have heard nothing,До сих пор мы ничего не слышали,
Here nobody can hear us,Здесь нас никто не слышит,
I have heard nothing so far,Пока я ещё ничего не слышал,
All this happened a long time ago,Всё это случилось давно,
Have you known him long?,Вы давно с ним знакомы?,
It’s about time,давно пора,
Not so long ago,ещё не так давно,
He did not take into account…,Он не учитывал,
To take expense into account,Учитывать расходы,
To take into account that he is very young,"Учитывать, что он очень молод",
To stop and think,остановиться и подумать,
Sit where you like,Садись где хочешь,
Please explain to me,Пожалуйста объясни мне,
Are you ready to get on the road?,готовы отправиться в путь?,
Without prejudice / bias,без предрассудков,
So unexpectedly,так неожиданно,
Quite an unexpected result,Давольно неожиданный результат,
Unexpected opportunity,Неожиданная возможность,
Unexpected news,Неожиданная новость,
I unexpectedly bumped into a friend,я неожиданно встретил знакомого,
I’ll be visiting an old friend,я буду в гостях у старого друга,
Our guest never showed up,наш гость так и не пришёл,
We have guests,У нас гости,
I have some friends over,у меня в гостях друзья,
I have my family over,у меня в гостях семья,
His accomplices,Его сообщников,
To sleep through the night,спать всю ночь,
He didn’t sleep all night,Он не спал всю ночь,
In countries around the world,в странах по всему миру,
I tried to tell you at dinner,Я пытался сказать тебе за ужином,
In nursery,в детском саду,
Five times more expensive,в пять раз дороже,
Twice as expensive,в два раза дороже,
Significantly more expensive,значительно дороже,
Significantly easier,значительно проще,
Has become easier,стало проще,
Twice as cheap,в два раза дешевле,
We should discuss over lunch,мы должны обсудить за обедом,
She is following a special diet,Она соблюдает специальную диету,
Let them gossip behind our backs,пусть они сплетничают за нашими спинами,
He has an athletic build,У него атлетическое телосложение,
She is tall and slim,Она высокая и стрОйная,
He has a beer belly,У него пивной живот,
He is going bald,Он лысЕет,
He never smiles,Он никогда не улыбается,
To smile (imp),Улыбаться,
He put the telephone in a bag,Он положил телефон в сумку,
He put the mobile on the table,Он положил мобильник на стол,
To put / to place (per),Положить,
He didn’t feel like talking about it,Ему не хотелось говорить об этом,
"I prefer to listen, than to talk","Я предпочитаю больше слушать, чем говорить",
I don’t understand what has made you so irritated,"Не понимаю, что вас так раздражает",
Why is he so miserable?,Почему он такой грустный?,
Has anyone got anything else to suggest?,У кого будут другие предложения?,
She offered him a job,Она предложила ему работу,
I have a small favour to ask you (inf),У меня к тебе небольшая просьба,
Glass of wine,Бокал вина,
He rents a flat,Он снимает квартиру,
Greece,Греция,
In Greece,В Греции,
Greek man,Грек,
Greek woman,Гречанка,
Greeks,Греки,
They live by the sea,Они живут у моря,
They live by a river,Они живут у реки,
In the forest,В лесу,
In the far north,На крайнем севере,
We got caught in the rain,Мы попали под дождь,
To cry / weep,Плакать,
Why are you crying?,Почему ты плачёшь?,
No need to cry,Не надо плакать,
"He is convinced, that he is doing the right thing","Он уверен, что поступает правильно",
What makes you so certain?,Откуда у вас такая уверенность?,
He sounded uncertain,В его голосе звучала неуверенность,
He was a hundred percent certain of himself,Он был на сто процентов уверен в себе,
He acted confidently,Он действовал уверенно,
"I’m not sure, if I will be able to come","я не уверен, смогу ли я прийти",
We are not totally sure that…,"у нас не полной уверенности в том, что",
He is suspected of stealing,Его подозревают в краже,
She is playing with fire,Она играет с огнём,
He was playing with fire,Он играл с огнём,
He is risking his reputation,Он рискует своей репутацией,
You can’t win if you don’t play,"Кто не рискует, не пьёт шампанское",
He was given an opportunity to rectify the situation,Он получил возможность исправить положение,
At the first opportunity,при первой возможности,
I will call as soon as possible,Я позвоню при первой возможности,
I’ll meet them at the first opportunity,Я встречусь с ними при первой возможности,
Troubles,Беда,
They are in trouble. They need help,Они в беде. Им нужна помощь,
He got into trouble,Он попал в беду,
Slim / slender (adj),Стройной,
Physique / build,Телосложение,
I’ll just keep quiet and smile,Я просто буду молчать и улыбаться,
What are you smiling at?,Чему вы улыбаетесь?,
To scare away investors,Отпугивать / отпугнуть инвесторов,
How many children do you have?,Сколько у вас детей?,
He was in military uniform,Он был в военной форме,
They live in a ‘Khrushchev’ block of flats,Они живут в хрущёвке,
He is registered at this address,Он зарегистрировал по этому адресу,
We rent out our flat in London,Мы сдаём свою квартиру в Лондоне,
We took out a mortgage to buy our flat,Мы купили свою квартиру по ипотеке,
They live from payday to payday,Они живут от зарплаты до зарплаты,
He is a pensioner,Он пенсионер,
He’s reached retirement age,Он достиг пенсионного возраста,
She is a refugee,Она беженца,
Georgia,Грузия,
Georgian man,Грузин,
Georgian woman,Грузинка,
Georgians,Грузины,
Many Georgians,Много грузин,
Georgian (adj),Грузинский,
Georgian food,Грузинская еда,
Russian character,Русский характер,
He believes in God,Он верующий,
He took out a bank loan,Он взял кредит в банке,
She took out a mortgage,Она взяла ипотечный кредит,
She opened a bank account,Она открыла счёт в банке,
He closed his bank account,Он закрыл счёт в банке,
With technical assistance,при техническом содействии,
With the assistance of the international community,при содействии международного сообщества,
She owes him a thousand roubles,Она должна ему тысячу рублей,
He is in a lot of debt,он в большом долге,
Petrol is expensive here,У нас высокие цены на бензин,
She earns quite a lot,Она неплохо зарабатывает,
Tbilisi,Тбилиси,
In Tbilisi,в Тбилиси,
Happiness / joy,Радость,
Everything is ready,Все готовы,
To show one’s feelings,Проявлять / проявить свои чувства,
To exercise common sense,Проявлять / проявить здравый смысл,
Excuse me for interrupting you,"Простите, что перебиваю вам",
Excuse me for being late,Простите за опоздание,
Paid provocateurs,Титушки,
A lack of skill to communicate with people,Неумение общаться с людьми,
Inability to accept criticism,Неумение принимать критику,
Inability to forgive,Неумение прощать,
To miss out on / to waste (per),Упустить,
To miss out on / to waste (imp),Упускать,
To miss / lose an opportunity,Упускать / упустить возможность,
To miss important details,Упускать / упустить важные детали,
Table for four,столик на четверых,
What’s wrong? Why are you so sad?,Что такое? Почему ты так грустный?,
She’s so clever,Она такая умная,
Why do you say things like that?,Почему ты говоришь такие вещи,
We want to teach him respect for others,"Мы хотим, чтобы приучать его уважать других",
We are teaching him to be polite,Мы приучаем его быть вежливым,
Sentence / verdict / conviction,Приговор,
Judgement,Суждение,
Defendant,подсудимый,
Accused,обвиняемый,
I have been a little unwell,Я был немного нездоров,
I am a little unprepared,Я немного не подготовлен,
Noisy,Шумный,
Improvement,улучшение,
From 2019 to early 2022,С две тысячи девятнадцатого года до начала две тысячи двадцать второго года,
In 2022,В две тысячи двадцать втором году,
We will get used to it,Мы привыкнем к этому,
He was given a book (as a present),Ему подарили книгу,
Somebody gave me it (as a gift),Мне подарили,
For his birthday he got a bike,На день рождения ему подарили велосипед,
An opportunity that mustn’t be missed,"Возможность, которую нельзя упускать",
You are missing the point,вы упускаете смысл,
They completely missed the point,они полностью упустили смысл,
To carefully monitor who is listening to you,"Осторожно следить, кто слушает вас",
In the dark,в темноте,
While deciding / hesitating (ger),решаясь,
Cities,Города,
Exercise / drill,Упражнение,
Task / assignment,Задание,
He has no sister,у него нет сестры,
They don’t have a dacha,у них нет дачи,
Cup of tea,чашка чая,
Do you want a cup of tea?,Вы хотите чашку чая,
Black ice,Гололедица,
Carefully / neatly,Аккуратно,
I have a son of a similar age.,У меня сын такого же возраста.,
He saved his reputation,Он спас свою репутацию,
She lay down on the ground,Она легла на землю,
He lay down on his back,Он лёг на спину,
He is sitting on a chair,Он сидит на стуле,
It’s very hot here,Здесь очень жарко,
Barely / hardly,Едва,
He was barely audible,его было едва слышно,
Barely alive,Едва живой,
Barely noticeable changes,Едва заметное изменение,
I hardly recognised you (inf),я едва узнал тебя,
Please sit down,"Садитесь, пожалуйста",
To sit (imp),Сидеть,
Nanny,Нянечка,
To fine (imp),Штрафовать,
To fine (per),Оштрафовать,
He was fined,он был оштрафован,
They will be fined,они будут оштрафованы,
To evacuated,Эвакуировать,
On the pavement,на тротуаре,
SUV,Внедорожник,
We are looking forward to,мы с нетерпением ждем,
To rent / lease,Арендовать,
Not everyone can afford,не всем по карману,
To allow (imp),Позволять,
To allow (per),Позволить,
To afford (per),Позволить себе,
I can’t afford…,Я не могу позволить себе…,
We cannot afford,Мы не можем позволить себе,
They can afford it,Они могут позволить себе,
To run around the house,бегать по дому,
Are you here for long?,Вы к нам надолго?,
The day after tomorrow,Послезавтра,
Here’s to our meeting (toast),"Ну, за знакомство",
To raise children,Растить детей,
To live in luxury,Жить в роскоши,
To weaken / relax (imp),ослаблять,
To weaken / relax (per),Ослабить,
To relax restrictions,Ослаблять / ослабить ограничения,
To relax the tempo / pace,Ослаблять / ослабить темп,
It’s simply too much,это просто перебор,
Taking all factors into account…,С учётом всех факторов,
Taking into account the fact that…,"С учётом того, что",
Cycle path,Велодорожка,
I am washing,Я мою…,
I will wash…,Я помою,
They are sleeping,Они спят,
They are taking,Они берут,
I am taking an active role,Я беру на себя активную роль,
I will take on an active role,Я возьму на себя активную роль,
To scream / shout (imp),Кричать,
To pass / blow over,Миновать,
Danger has passed,Опасность миновала,
To push / shove,Толкнуть,
What’s your phone number?,Какой у тебя номер телефона?,
To pick up / to take away (per),Забрать,
To pick up my son from school,Забрать сыну после школы,
I am just going to pick up my son,Я только заберу сыну,
I’ll pick you up at nine o’clock,Я заберу тебя в девять часов,
What time will you pick me up?,Когда ты меня заберешь?,
He is picking us up soon,он скоро заберёт нас,
To take with you (per),забрать с собой,
Over and over again,Раз за разом,
In one go,За один раз,
Trust but verify,"доверяй, но проверяй",
Perception,восприятие,
Bringing up children only (single parenting),Воспитание детей в одиночку,
An important part of bringing up children,важная часть воспитания детей,
With Georgians,с грузинами,
To look after / take care of,"Присматривать / присмотреть (за чем, за кем?)",
Every evening,Каждый вечер,
Laughter,Смех,
Box / crate,Коробка,
Courage,смелость,
Don’t touch it,не трогай это,
To touch,трогать,
Samizdat (self-publishing),Самиздат,
Basically the same,В основном такой же,
What’s important to you? (Informal),Что для тебя важно?,
What do you want from life here? (Informal),Что ты хочешь от жизни здесь?,
What do you imagine for your future?,Как вы представляете себя в будущем?,
What do you think your future looks like? (Informal),"Как ты думаешь, каково тебе в будущем?",
This week we spent a lot of time together as a family,На этой неделе мы много времени провели вместе с семьёй,
As a family,Вместе с семьёй,
"To sort out, to deal with a problem or task (per)",Разобраться (с чем),
"Don’t worry, I’ll sort it out","Не волнуйся, я разберусь с этим",
To figure out a problem / understand a topic (per),Разобраться в чём,
She quickly figured out the situation,Она быстро разобралась в ситуации,
I need to figure out the reality of the situation,Мне нужно разобраться в реальности ситуации,
We need to sort out this problem,Нам нужно разобраться с этой проблемой,
Did you sort out the paperwork? (Inf),Ты разобрался с документами?,
I finally figured out…,Я наконец-то разобрался,
I tidied up the house,Я навёл порядок в доме,
To tidy up,навести порядок,
"Come on, let’s tidy up!","Ну что, давай наводить порядок",
"So, how’re things?","Ну что, как дела?",
"Well, tell me about it","Ну что, рассказывай!",
"So, shall we begin?","Ну что, давай начнем?",
Shall we go?,"Ну что, пойдем?",
Has everyone decided?,"Ну что, все решили?",
"So, time to wrap things up","Ну что, пора заканчивать!",
"So, do you remember what we discussed last time?","Ну что, помнил то, что мы обсудили в последний раз",
When was the last time… ?,Когда в последний раз,
When was the last time you saw that person?,Когда в последний раз ты видел этого человека?,
The last time…,В прошлый раз,
The last time everything was much simpler,В прошлый раз всё было намного проще,
Next time…,В следующий раз,
"You said you don’t like coffee, right?","Ты сказал, что не любишь кофе, не так ли?",
"You’ve already finished work, right?","Ты уже закончил работу, не так ли?",
"You’re going to join us, right?","Ты собираешься присоединиться к нам, не так ли?",
"I’m so sorry, I really feel for you (inf)","Мне так жаль, я действительно сопереживаю тебе",
I really empathise with your situation (inf),Я действительно сопереживаю твоей ситуации,
He simply can’t empathise with people,Он просто не может сопереживать людям,
Polite (adj),вежливый,
Politely (adv),Вежливо,
She politely turned down the offer,Она вежливо отказалась от предложения,
He always behaves politely,Он всегда ведёт себя вежливо,
What is the most important thing in life for you? (Inf),Что для тебя самое важное в жизни?,
You are not alone. I am always with you,Ты не один(а) в этом. Я всегда рядом,
This must be really difficult for you (inf),Это должно быть очень трудно для тебя,
"If you need to talk, I am always ready to listen","Если тебе нужно поговорить, я всегда готов выслушать",
Hang in there. It will all be ok,"Держись, всё будет хорошо",
"This unpleasant moment passed, and everything got better","Этот неприятный момент миновал, и всё стало лучше",
"This difficult period in life will pass, and life will get easier","этот сложный период в жизни минует, и будет легче",
Our relationship is based on mutual respect,Наши отношения лежат на основе взаимного уважения,
I am eating an apple,Я ем яблоко,
Are you eating pizza? (Inf),Ты ешь пиццу?,
He is eating in the restaurant,Он ест в ресторане,
They eat together every day,Они едят вместе каждый день,
I drive the car every day,Я вожу машину каждый день,
Do you guide tourists around the city?,Ты возишь туристов по городу?,
He runs a blog about travel,Он ведёт блог о путешествиях,
We are conducting negotiations with the partners,Мы ведём переговоры с партнёрами,
They run a business in different countries,Они ведут бизнес в разных странах,
We will start the meeting at ten o’clock,Мы начнём встречу в десят часов,
Will you start work tomorrow?,Ты начнёшь работу завтра?,
"Market, fair",ярмарка,
To wake up (per),Проснуться,
He woke up,Он проснулся,
My son woke up very early this morning,Мой сын проснулся очень рано сегодня утром,
I woke up at five o’clock,Я проснулся в пять часов,
We woke up from the noise on the street,Мы проснулись от шума на улице,
Child woke up and started to cry,Ребёнок проснулся и начал плакать,
To concentrate / to focus,Сосредоточиться (на что?),
Lamb,Барашек,
To lie / tell untruths (imp) (informal),Врать,
To lie / tell untruths (imp) (formal),Лгать,
"We weren’t lying, we were telling the truth (informal)","Мы не врали, мы говорили правду",
I am not lying to you (informal),Я не вру тебе,
Are you lying again? (Informal),Ты опять врёшь,
They lie all the time (informal),Они всё время врут,
You’re lying to yourself and others,Ты лжёшь себе и другим.,
He is lying to the people,Он лжёт народу,
Combat,Сражение,
Heart-to-heart,По душам,
I don’t care / it doesn’t matter,по барабану,
Peach,Персик,
Plum,Слива,
Lemon,Лимон,
Raspberry,Малина,
Watermelon,Арбуз,
Melon,Дыня,
Potato,Картошка,
Cucumber,Огурец,
Beetroot,Свёкла,
Aubergine,Баклажан,
Parsley,Петрушка,
Dill,Укроп,
Basil,Базилик,
Black Pepper,Чёрный перец,
Red Pepper,Красный перец,
Salt,Соль,
Sugar,Сахар,
"One kilo, please","Дайте один килограмм, пожалуйста",
"Half a kilo, please","Полкило, пожалуйста",
I want this one,Я хочу вот это,
Can I try this?,Можно попробовать?,
Do you have fresh herbs?,У вас есть свежая зелень?,
I need parsley and dill,Мне нужна петрушка и укроп,
"A small bunch, please",Можно маленький пучок?,
What do you recommend?,Что вы посоветуете?,
Chance at salvation,шанс на спасение,
Infiltration of spies,Внедрение шпионов,
He acted on the orders of his superiors,Он действовал по распоряжению начальства,
At my disposal,в моём распоряжении,
I am at your disposal,Я в вашем распоряжении.,
There was a glitch,Произошёл сбой,
Technical glitch,технический сбой,
The most important question,наиболее важный вопрос,
The most effective method,наиболее эффективный метод,
Period of drought,период засухи,
It was a difficult ordeal for the whole family,Это было тяжёлое испытание для всей семьи.,
Artificial Intelligence,искусственный интеллект,
About artificial intelligence,об искусственном интеллекте,
With the help of artificial intelligence,С помощью искусственного интеллекта,
To explain the task to artificial intelligence,Объяснить задачу искусственному интеллекту,
Is it ok to speak in Russian? (Inf),Тебе удобно говорить по-русски?,
To flood (per),ЗатопИть,
Conversational Russian,разговорный русский,
To practice speaking,попрактиковаться в разговоре,
Practice in Russian,попрактиковаться в русском,
Come up with an interesting question to start a conversation (imperative),"Придумайте интересный вопрос, чтобы начать беседу",
Come up with a short description of your project,Придумайте краткое описание для вашего проекта,
Come up with (imperative),Придумайте,
"Correct me (imperative, informal)",Исправь меня,
"Correct me if I said something wrong (imperative, informal)","Исправь меня, если я что-то неправильно сказал",
"Please correct my pronunciation (imperative, informal)","Пожалуйста, исправь моё произношение",
"Please correct me if I misunderstood (imperative, informal)","Исправьте меня, если я неправильно понял",
Let’s introduce ourselves and get to know one another,Давайте представимся и познакомимся друг с другом,
"To be found (animals, things)",Водиться,
Wolves live in the forest,В лесу водятся волки,
Such animals are not found in Europe.,Такие животные не водятся в Европе,
Bears live in this forest,В этом лесу водятся медведи,
Deer are found in Richmond Park,В Ричмонд-парке водятся олени,
"Focus on the task, and everything will work out.","Сосредоточься на задаче, и всё получится",
I need to focus on work,Мне нужно сосредоточиться на работе.,
Chicken breast,Куриная грудка,
Duck breast,Утиная грудка,
Native speaker,Носитель языка,
With native Russian speakers,С носителями русского языка,
"Friendly, Amicable (adj)",Дружелюбный,
"To gather slowly, to accumulate gradually (imp)",Копить,
Steering wheel,Руль,
At the steering wheel / driving,За рулём,
To simplify (imp),Упрощать,
To simplify (per),Упростить,
Visitor,Посетитель,
Everyday language,Бытовой язык,
Everyday conversation,Бытовой разговор,
I lack the vocabulary,Мне не хватает словарного запаса,
They are simplifying the process,Они упрощают процесс,
I am simplifying the task,Я упрощаю задачу,
We will simplify the plan,Мы упросим план,
I will simplify,Я упрощу,
What was the problem?,Какая была проблема?,
Networking event,Сетевое мероприятие,
A little further please,Чуть дальше пожалуйста,
Around the corner please,За углом пожалуйста,
Turn into the courtyard please,Поверните во двор,
Keep the change,Без сдачи,
Who are your main clients?,Какие у вас основные клиенты?,
Could you tell me a bit more?,Можете рассказать чуть подробнее?,
I hope we meet again soon,"Надеюсь, мы скоро снова встретимся",
"Excuse me, I need to speak to a colleague","Извините, мне нужно подойти к коллеге",
I won’t keep you any longer,Я не буду вас больше отвлекать,
Let’s definitely stay in touch,Давайте обязательно продолжим общение,
I need to make a short stop,Мне нужно сделать короткую остановку,
"Exactly alike, precisely the same",Точь-в-точь,
In the crowd,В толпе,
I am staying at home tonight,Я остаюсь дома вечером,
I will stay here for one night,Я остановлюсь здесь всего на одну ночь.,
Fiancé (male),Жених,
Impression / perception,Впечатление,
A bunch of basil,пучок базилика,
A bunch of coriander,пучок кинзы,
A bunch of spinach,пучок шпината,
A bunch of rocket,пучок рукколы,
To do something properly (inf),путём делать / сделать,
Not right / not properly (inf),не путём,
I’m not myself today,Что-то я сегодня не путём,
Something’s not right with her mood,С настроением у неё что-то не путём,
He spends money unwisely,Он деньги тратит не путём,
In the kitchen,На кухне,
The phone rang,Зазвонил телефон,
I didn’t have time,У меня не было времени,
Door bell,Дверной звонок,
Put it in the sink,Положите в раковину,
Sink,Раковина,
First impression,Первое впечатление,
It gives the impression that,"Создаётся впечатление, что",
To make an impression (per),"Произвести впечатление (на кого, что)",
To leave an impression (per),Оставить впечатление,
He wanted to make a good impression,Он хотел произвести хорошое впечатление,
It made a strong impression on me,Это произвело на меня сильное впечатление.,
To get infected,Заразиться (чем),
To drop off / let someone out of a vehicle (per),Высадить,
To give someone a lift (per),Подбросить,
Where do you want a lift to?,Куда тебя подбросить?,
Where shall I drop you off?,Где вас высадить?,
We met at a party,Мы познакомились на вечеринке,
I want to introduce you to my friend,Хочу познакомить тебя с моим другом,
To get to know someone / to recognise / to find out (imp),Узнавать (кого-то / что-то),
To get to know someone / to recognise / to find out (per),Узнать (кого?),
I want to get to know you better,Я хочу узнать тебя поближе,
We don’t know each other well,Мы ещё плохо узнали друг друга,
We are gradually getting to know each other,Мы постепенно узнаём друг друга лучше,
Do you recognise the way home?,Вы узнаёте дорогу домой?,
Do you recognise this actor? (Inf),Ты узнаёшь этого актёра?,
I will find out the answer tomorrow,Я узнаю ответ завтра.,
He will find out about this very soon,Он узнает об этом очень скоро,
She recognised her friend in the crowd,Она узнала подругу в толпе.,
"To be growing closer, to be bonding (imp)",Сближаться (с кем?),
"To grow close, to bond (per)",Сблизиться (с кем?),
He easily bonds with new people,Он легко сближается с новыми людьми,
We grew closer during the travel,Мы сблизились во время путешествия,
To learn (imp),Учить (что),
To teach (imp),Учить (кого),
"To learn completely, to master (per)",Выучить (что),
To learn by rote (per),Заучить (что),
To teach successfully,"Научить (кого, чему)",
To learn a skill (imp),Учиться (+ infinitive),
To learn a skill (per),Научиться (+ infinitive),
To over study (oneself),Заучиться,
"To untrain, break a habit (imp)",Отучать (кого от чего),
"To untrain, break a habit (per)",Отучить (кого от чего),
To learn language (imp),Учить язык,
He is teaching his son to ride a bike,Он учит сына кататься на велосипеде,
I’ve been learning Russian for several years,я учу русский язык уже несколько лет,
She will teach us to cook Georgian food,Она научит нас готовить грузинскую кухню,
To teach him to read (per),Научить его читать,
To teach her to swim (per),Научить её плавать,
To teach us to cook (per),Научить нас готовить,
To learn to drive a car (per),Научиться водить машину,
It might seem to him that…,"Ему может показаться, что…",
To get to know someone better (imp),Узнавать кого-то лучше,
To get to know someone better (per),Узнать кого-то лучше,
I want to get to know you better,Я хочу узнать тебя поближе,
We still don’t know each other well yet,Мы ещё плохо узнали друг друга,
To become friends (per),Подружиться (с кем-то),
To hit it off / to click with someone (per),Сойтись (с кем-то),
They clicked over shared interests,Они сошлись по интересам,
We didn’t really click,Мы не очень сошлись,
They are getting to know each other better everyday,Они узнают друг друга лучше с каждым днём.,
We are finding out more and more about the project,Мы узнаём всё больше о проекте,
I find out a lot of new things at work.,Я узнаю много нового на работе,
Do you talk with him online?,Ты общаешься с ним по интернету?,
We only communicate for work,Мы общаемся только по работе.,
Do you keep in touch with your parents often?,Вы общаетесь с родителями часто?,
Curious / inquisitive / eager to learn (adj),любознательный,
Curious child,любознательный ребёнок,
Curious girl / boy,любознательная девочка / любознательный мальчик,
I look Georgian,Я выгляжу грузином,
To tidy up / to clean (imp),Убирать,
To pick up / to collect (imp),Забирать,
To gather / to assemble / to collect (imp),Собирать,
To sort through (imp),Перебирать,
To recruit more team members (imp),добирать команду,
To gain weight (imp),добирать вес,
To gather extra details (imp),добирать деталей,
To pack one’s things (imp),собирать вещи,
To sort out ones things / belongings (imp),разбирать вещи,
To tidy up / to clean up (per),Убрать,
To gather / to assemble / to collect (per),Собрать,
To sort analyse / to take apart (imp),Разбирать,
To sort analyse / to take apart (per),Разобрать,
"To go somewhere, briefly and come back (per)",Сходить,
After the quarrel / argument,После ссоры,
He is getting better,Он поправляется,
Pride,гОрдость,
Vanity / ego,Самолюбие,
Arrogance,Высокомерие,
Because of ego / out of pride,Из-за самолюбия,
"Because of his ego, he didn’t want to admit the mistake",Из-за самолюбия он не хотел признавать ошибку,
He didn’t apologize out of pride,Он не извинился из-за самолюбия,
Behind his confidence hides arrogance,За его уверенностью скрывается высокомерие,
His pride didn’t let him ask for help,Гордость не позволила ему попросить помощи,
Sooner or later,Рано или поздно,
"I love to find out, how people see the world","Люблю узнавать, как люди смотрят на мир",
Sometimes it’s interesting why people see things so differently,"Иногда интересно, почему люди видят всё так по-разному",
I want to understand the people around me better,Хочу лучше понимать людей вокруг.,
It’s important to me understand what drives people,"Мне важно понимать, что движет людьми",
It’s interesting to me how people see the world,"Мне интересно, как люди видят мир",
How does the world look for…,Как выглядит мир для…,
It is interesting to notice how differently we see the world,"Интересно замечать, как по-разному мы видим мир",
"Everyone has their own experience, and it really affects how they see things.","У каждого свой опыт, и это реально влияет на то, как он всё воспринимает.",
I like listening to people talk about their experiences.,"Люблю слушать, как люди рассказывают о своём опыте.",
Before (doing something),"Перед тем, как (infinitive verb)",
After (doing something),"После того, как (infinitive verb)",
"to establish, fix, improve relations (imperfective)",Налаживать,
"to establish, fix, improve relations (perfective)",Наладить,
Strong / solid relationship,крепкие отношения,
Before bed,Перед сном,
"Assertive, pushy (adj)",Напористый,
She is an assertive woman,Она напористая женщина,
He became more assertive,Он стал более напористым человеком,
"Along the way, as things progress",По ходу,
Well decide as things progress,Мы решим это по ходу,
During the project,По ходу проекта,
Along the trip / during the trip,По ходу поездки,
We’ll figure it out as we go,По ходу разберёмся,
During the conversation,По ходу разговора,
Without need / just one more time,Лишний раз,
I won’t take unnecessary risks,Я не буду лишний раз рисковать,
I don’t want to remind him about it more than necessary,Я не хочу лишний раз напоминать ему об этом.,
It would be nice…,Неплохо бы…,
It would be nice to meet tomorrow,Неплохо бы встретиться завтра,
It would be possible / could…,Можно было бы…,
We could call a taxi,Можно было бы вызвать такси.,
We could try again,Можно было бы попробовать ещё раз.,
I could,Я мог бы,
I could help you,Я мог бы помочь тебе,
It would be worth it / should,стоило бы,
It would be worth sharing this with her,Стоило бы поделиться этим с ней.,
Ought to…,Следовало бы,
You ought to apologise,Следовало бы извиниться.,
You ought to talk to your boss,Следовало бы поговорить с начальником,
You ought to be more careful,Следовало бы быть осторожнее,
It would be better if…,Лучше бы…,
You should get some rest,Стоило бы тебе отдохнуть,
We could solve this problem together,Можно было бы решить эту проблему вместе.,
To turn on a telephone,Включить телефон (f-ключить),
Having said…,Сказав,
Having learned / found out,Узнав,
Having decided,Решив,
Having begun,Начав,
Having seen,Увидев,
Having understood,Поняв,
Having taken,Взяв,
Having taken coffee to go…,Взяв кофе с собой…,
Having found out the price…,Узнав цену…,
Having said that…,Сказав это…,
Having placed the order…,Сделав заказ…,
Having sent the email…,Отправив письмо…,
Having thought about it…,Подумав об этом,
